data_point, s1, s2, s3,"c( s1, s2)","c( s1, s3)","c( s2, s3)"
0,1.0,2.0,0.7,,,
1,1.009999833,1.99995,0.706999883,,,
2,1.019998667,1.999800007,0.713999067,,,
3,1.0299955,1.999550034,0.72099685,,,
4,1.039989334,1.999200107,0.727992534,-0.9589017613581948,1.0,-0.9589017623864085
5,1.049979169,1.99875026,0.734985418,-0.9810806969439002,0.9999999999999999,-0.9810806943712677
6,1.059964006,1.99820054,0.741974805,-0.9892149700452137,0.9999999999999993,-0.9892149730546518
7,1.069942847,1.997551,0.748959993,-0.9930490138892003,0.9999999999999993,-0.9930490136050238
8,1.079914694,1.996801706,0.755940286,-0.9951504707301355,0.9999999999999996,-0.9951504700164131
9,1.089878549,1.995952733,0.762914984,-0.9964240248628949,0.9999999999999992,-0.9964240224081051
10,1.099833417,1.995004165,0.769883392,-0.9972532322599996,0.9999999999999996,-0.9972532336945799
11,1.109778301,1.993956098,0.776844811,-0.997822912556997,0.9999999999999997,-0.997822913436649
12,1.119712207,1.992808636,0.783798545,-0.9982309898684929,1.0,-0.998230990157287
13,1.129634143,1.991561894,0.7907439,-0.9985332326850208,0.9999999999999999,-0.9985332316328939
14,1.139543115,1.990215996,0.79768018,-0.9987632748440368,0.9999999999999999,-0.9987632741176243
15,1.149438132,1.988771078,0.804606693,-0.9989424075446552,0.9999999999999992,-0.998942408888383
16,1.159318207,1.987227283,0.811522745,-0.9990845961557967,0.9999999999999992,-0.99908459662562
17,1.169182349,1.985584767,0.818427644,-0.9991993407143199,0.9999999999999993,-0.9991993399327174
18,1.179029573,1.983843693,0.825320701,-0.9992932606038359,0.9999999999999992,-0.9992932598222252
19,1.188858895,1.982004235,0.832201226,-0.9993711051676063,0.9999999999999999,-0.9993711055138861
20,1.198669331,1.980066578,0.839068532,-0.999436340110322,0.9999999999999996,-0.9994363408520242
21,1.2084599,1.978030915,0.84592193,-0.9994915457465687,0.9999999999999999,-0.9994915458255091
22,1.218229623,1.975897449,0.852760736,-0.9995386681683154,0.9999999999999997,-0.9995386679814867
23,1.227977524,1.973666395,0.859584266,-0.9995792134758518,0.9999999999999993,-0.9995792124726268
24,1.237702626,1.971337975,0.866391838,-0.9996143462356829,0.9999999999999997,-0.99961434664701
25,1.247403959,1.968912422,0.873182771,-0.9996449835591191,0.9999999999999993,-0.9996449839882763
26,1.257080552,1.966389978,0.879956386,-0.9996718557868547,0.9999999999999997,-0.9996718559460088
27,1.266731437,1.963770896,0.886712006,-0.9996955571658607,0.9999999999999999,-0.9996955571052445
28,1.276355649,1.961055438,0.893448954,-0.9997165622663516,0.9999999999999999,-0.9997165622664643
29,1.285952225,1.958243876,0.900166558,-0.9997352631052936,0.9999999999999999,-0.9997352633656715
30,1.295520207,1.955336489,0.906864145,-0.9997519777969445,0.9999999999999997,-0.9997519776298561
31,1.305058636,1.95233357,0.913541046,-0.9997669783374886,0.9999999999999996,-0.9997669786105087
32,1.314566561,1.949235418,0.920196592,-0.9997804889941357,0.9999999999999983,-0.9997804880670386
33,1.324043028,1.946042344,0.92683012,-0.9997926978564441,0.9999999999999989,-0.9997926980623753
34,1.333487092,1.942754666,0.933440964,-0.99980376145051,0.9999999999999986,-0.999803761348903
35,1.342897807,1.939372713,0.940028465,-0.9998138173286727,0.9999999999999983,-0.9998138178451863
36,1.352274233,1.935896824,0.946591963,-0.9998229827552677,0.9999999999999993,-0.9998229824425449
37,1.361615432,1.932327346,0.953130802,-0.9998313565634176,0.9999999999999994,-0.9998313566334469
38,1.370920469,1.928664636,0.959644329,-0.9998390235287837,0.9999999999999991,-0.9998390237844466
39,1.380188415,1.92490906,0.966131891,-0.9998460584338192,0.9999999999999994,-0.9998460587529326
40,1.389418342,1.921060994,0.97259284,-0.9998525274875569,0.9999999999999994,-0.9998525273773483
41,1.398609328,1.917120823,0.97902653,-0.9998584869278354,0.9999999999999991,-0.9998584864236729
42,1.407760453,1.91308894,0.985432317,-0.9998639847499566,0.9999999999999998,-0.9998639845542835
43,1.416870802,1.90896575,0.991809562,-0.9998690662320205,0.9999999999999997,-0.99986906642343
44,1.425939465,1.904751663,0.998157626,-0.9998737685751856,0.9999999999999997,-0.9998737688693304
45,1.434965534,1.900447102,1.004475874,-0.999878126772939,0.9999999999999997,-0.9998781266901169
46,1.443948107,1.896052498,1.010763675,-0.9998821707521208,0.9999999999999993,-0.9998821703833707
47,1.452886285,1.891568288,1.0170204,-0.9998859264035981,0.9999999999999998,-0.9998859266462276
48,1.461779176,1.886994923,1.023245423,-0.999889418610621,0.9999999999999997,-0.9998894185497423
49,1.470625888,1.882332859,1.029438122,-0.999892668161558,0.9999999999999998,-0.9998926682211509
50,1.479425539,1.877582562,1.035597877,-0.9998956948301619,0.9999999999999997,-0.9998956946525761
51,1.488177247,1.872744508,1.041724073,-0.9998985143931837,0.9999999999999993,-0.9998985145679843
52,1.496880138,1.86781918,1.047816096,-0.9999011441236011,0.9999999999999993,-0.99990114383261
53,1.505533341,1.862807071,1.053873339,-0.9999035962844602,0.9999999999999991,-0.9999035966874855
54,1.514135992,1.857708681,1.059895194,-0.9999058839052056,0.9999999999999992,-0.9999058837906789
55,1.522687229,1.852524522,1.06588106,-0.9999080188440799,0.9999999999999994,-0.9999080188436092
56,1.531186198,1.847255111,1.071830339,-0.9999100107928738,0.9999999999999991,-0.9999100108695232
57,1.539632049,1.841900975,1.077742434,-0.9999118687908782,0.9999999999999992,-0.9999118689033714
58,1.548023937,1.83646265,1.083616756,-0.9999136012818115,0.9999999999999994,-0.9999136011327687
59,1.556361023,1.830940679,1.089452716,-0.9999152161184569,0.9999999999999994,-0.9999152159878182
60,1.564642473,1.825335615,1.095249731,-0.9999167201562013,0.9999999999999997,-0.9999167203045467
61,1.57286746,1.819648018,1.101007222,-0.9999181198551258,0.9999999999999998,-0.9999181197810969
62,1.581035161,1.813878457,1.106724612,-0.9999194208389723,0.9999999999999998,-0.9999194206704967
63,1.589144758,1.808027508,1.112401331,-0.9999206271279322,0.9999999999999992,-0.9999206273881288
64,1.597195441,1.802095758,1.118036809,-0.9999217449214374,0.999999999999999,-0.9999217451823815
65,1.605186406,1.796083799,1.123630484,-0.9999227786272434,0.999999999999999,-0.9999227784792535
66,1.613116852,1.789992231,1.129181796,-0.9999237306264795,0.9999999999999984,-0.9999237300687406
67,1.620985987,1.783821666,1.134690191,-0.9999246051625811,0.9999999999999994,-0.999924605440652
68,1.628793024,1.777572719,1.140155117,-0.9999254058907936,0.9999999999999996,-0.9999254062455807
69,1.636537182,1.771246015,1.145576028,-0.9999261350576609,0.9999999999999996,-0.999926135209723
70,1.644217687,1.764842187,1.150952381,-0.9999267946742475,0.9999999999999994,-0.9999267943564407
71,1.651833771,1.758361876,1.15628364,-0.9999273887103531,0.9999999999999996,-0.99992738857862
72,1.659384672,1.751805729,1.16156927,-0.9999279177446722,0.9999999999999992,-0.9999279174586867
73,1.666869635,1.745174402,1.166808745,-0.999928383568692,0.999999999999999,-0.9999283839299138
74,1.674287912,1.738468559,1.172001538,-0.9999287886000036,0.9999999999999988,-0.9999287884840701
75,1.68163876,1.731688869,1.177147132,-0.9999291334418198,0.9999999999999988,-0.999929133518249
76,1.688921445,1.724836011,1.182245012,-0.9999294193433339,0.9999999999999988,-0.9999294194420768
77,1.696135239,1.71791067,1.187294667,-0.9999296476631904,0.9999999999999984,-0.9999296477210177
78,1.703279419,1.710913538,1.192295593,-0.9999298187258914,0.9999999999999989,-0.9999298183113324
79,1.710353272,1.703845316,1.197247291,-0.9999299330635721,0.9999999999999987,-0.9999299333826506
80,1.717356091,1.696706709,1.202149264,-0.9999299914587507,0.9999999999999984,-0.9999299918412743
81,1.724287174,1.689498433,1.207001022,-0.9999299939632905,0.9999999999999992,-0.999929993681415
82,1.73114583,1.682221207,1.211802081,-0.9999299400205232,0.9999999999999991,-0.9999299396105494
83,1.737931371,1.67487576,1.21655196,-0.9999298300089022,0.9999999999999998,-0.9999298302357142
84,1.74464312,1.667462826,1.221250184,-0.9999296634617281,1.0,-0.999929663481932
85,1.751280405,1.659983146,1.225896284,-0.9999294396781656,0.9999999999999998,-0.9999294398491593
86,1.757842563,1.652437468,1.230489794,-0.9999291582773269,0.9999999999999996,-0.9999291580620164
87,1.764328937,1.644826547,1.235030256,-0.9999288179921135,0.9999999999999997,-0.9999288179694138
88,1.770738879,1.637151144,1.239517215,-0.9999284181866331,0.9999999999999994,-0.9999284179634169
89,1.777071748,1.629412027,1.243950223,-0.9999279572589167,0.9999999999999998,-0.9999279572544397
90,1.78332691,1.621609968,1.248328837,-0.9999274330123478,0.9999999999999992,-0.9999274332168367
91,1.78950374,1.613745749,1.252652618,-0.9999268443467259,0.9999999999999991,-0.9999268447413707
92,1.79560162,1.605820157,1.256921134,-0.999926189838906,0.9999999999999994,-0.9999261898414031
93,1.801619941,1.597833982,1.261133959,-0.9999254666606324,0.9999999999999998,-0.9999254665204195
94,1.8075581,1.589788025,1.26529067,-0.9999246716204814,0.9999999999999999,-0.9999246715477728
95,1.813415505,1.581683089,1.269390853,-0.9999238030223457,0.9999999999999991,-0.999923802621117
96,1.819191568,1.573519986,1.273434098,-0.9999228572557466,0.9999999999999987,-0.9999228575100132
97,1.824885713,1.565299531,1.277419999,-0.9999218305613362,0.9999999999999987,-0.9999218308198423
98,1.83049737,1.557022547,1.281348159,-0.9999207195397699,0.9999999999999987,-0.9999207194878099
99,1.836025979,1.548689861,1.285218185,-0.999919520443403,0.9999999999999984,-0.9999195199556806
100,1.841470985,1.540302306,1.289029689,-0.9999182269967873,0.9999999999999996,-0.9999182270464365
101,1.846831845,1.531860721,1.292782291,-0.9999168351190034,0.9999999999999999,-0.9999168350866916
102,1.852108022,1.523365951,1.296475615,-0.9999153394898872,0.9999999999999999,-0.9999153397774775
103,1.857298989,1.514818845,1.300109292,-0.9999137341950609,0.9999999999999999,-0.9999137344041059
104,1.862404227,1.506220257,1.303682959,-0.9999120110627359,0.9999999999999999,-0.9999120113124264
105,1.867423226,1.497571048,1.307196258,-0.9999101637972514,0.9999999999999997,-0.9999101636441143
106,1.872355482,1.488872082,1.310648838,-0.9999081825372371,0.9999999999999992,-0.9999081827715559
107,1.877200504,1.480124229,1.314040353,-0.9999060593771237,0.9999999999999988,-0.9999060592169272
108,1.881957807,1.471328364,1.317370465,-0.9999037843198267,0.9999999999999986,-0.999903784047481
109,1.886626914,1.462485367,1.32063884,-0.9999013458667754,0.9999999999999987,-0.9999013454796122
110,1.89120736,1.453596121,1.323845152,-0.9998987307950745,0.9999999999999996,-0.9998987310080609
111,1.895698686,1.444661517,1.32698908,-0.9998959268996642,1.0,-0.9998959267068144
112,1.900100442,1.435682446,1.33007031,-0.9998929171904555,0.9999999999999987,-0.9998929177389568
113,1.904412189,1.426659808,1.333088533,-0.9998896854609342,0.9999999999999981,-0.9998896861152592
114,1.908633496,1.417594504,1.336043447,-0.9998862137840313,0.9999999999999959,-0.9998862129092543
115,1.91276394,1.408487441,1.338934758,-0.999882480203073,0.9999999999999958,-0.999882479246175
116,1.916803109,1.399339529,1.341762176,-0.999878460027797,0.9999999999999987,-0.999878460145852
117,1.920750598,1.390151684,1.344525418,-0.9998741279843184,0.9999999999999987,-0.9998741282927376
118,1.924606012,1.380924824,1.347224209,-0.9998694534657083,0.9999999999999953,-0.9998694544504617
119,1.928368967,1.371659872,1.349858277,-0.99986440386051,0.9999999999999953,-0.9998644044302561
120,1.932039086,1.362357754,1.35242736,-0.9998589411117043,0.9999999999999949,-0.9998589402149715
121,1.935616002,1.353019401,1.354931201,-0.999853021273077,0.9999999999999937,-0.9998530198213366
122,1.939099356,1.343645746,1.357369549,-0.9998465933311637,0.9999999999999987,-0.999846594184357
123,1.942488802,1.334237727,1.359742161,-0.9998396054505103,0.9999999999999993,-0.9998396058066031
124,1.945783999,1.324796284,1.3620488,-0.9998319910764883,0.9999999999999954,-0.9998319925151747
125,1.948984619,1.315322362,1.364289234,-0.9998236779667393,0.9999999999999967,-0.9998236786185931
126,1.952090342,1.305816908,1.366463239,-0.9998145797553936,0.9999999999999879,-0.9998145776902323
127,1.955100856,1.296280873,1.368570599,-0.9998045985571118,0.9999999999999871,-0.9998045963514889
128,1.95801586,1.28671521,1.370611102,-0.9997936168439211,0.9999999999999943,-0.9997936181668501
129,1.960835064,1.277120875,1.372584545,-0.999781505546901,0.9999999999999922,-0.9997815077494044
130,1.963558185,1.267498829,1.37449073,-0.9997681070298693,1.0,-0.9997681072578193
131,1.966184952,1.257850033,1.376329466,-0.9997532340286249,0.9999999999999934,-0.9997532319992666
132,1.9687151,1.248175452,1.37810057,-0.9997366614398272,0.9999999999999943,-0.9997366605958726
133,1.971148378,1.238476053,1.379803865,-0.9997181302609903,0.9999999999999922,-0.9997181319248784
134,1.973484542,1.228752808,1.381439179,-0.9996973232876094,0.9999999999999895,-0.9996973234941852
135,1.975723358,1.219006687,1.38300635,-0.999673854699211,0.9999999999999895,-0.9996738515682901
136,1.977864602,1.209238666,1.384505222,-0.9996472501120535,0.9999999999999796,-0.9996472532025376
137,1.979908061,1.199449721,1.385935643,-0.9996169378616906,0.9999999999999777,-0.9996169415592465
138,1.98185353,1.189640831,1.387297471,-0.9995821974955584,0.9999999999999842,-0.9995821947549166
139,1.983700815,1.179812978,1.38859057,-0.9995421252094362,0.9999999999999731,-0.9995421189615246
140,1.98544973,1.169967143,1.389814811,-0.9994955716994492,0.9999999999999928,-0.9994955743812146
141,1.987100101,1.160104312,1.390970071,-0.9994410742254416,0.9999999999999865,-0.9994410791587856
142,1.988651763,1.15022547,1.392056234,-0.9993767223069803,0.9999999999999897,-0.9993767223679728
143,1.99010456,1.140331606,1.393073192,-0.9992999943158721,0.9999999999999903,-0.9992999901989654
144,1.991458348,1.130423709,1.394020844,-0.9992075065021824,0.9999999999999925,-0.9992075088118363
145,1.992712991,1.120502769,1.394899094,-0.9990946390509378,0.9999999999999913,-0.9990946424298528
146,1.993868363,1.11056978,1.395707854,-0.9989549379031333,0.9999999999999877,-0.9989549316363148
147,1.99492435,1.100625733,1.396447045,-0.9987791910455034,0.9999999999999883,-0.9987791864589882
148,1.995880845,1.090671624,1.397116591,-0.9985538593091682,0.9999999999999938,-0.9985538567794107
149,1.996737752,1.080708448,1.397716426,-0.9982583837257579,0.9999999999999918,-0.998258385668649
150,1.997494987,1.070737202,1.398246491,-0.9978603957371794,0.999999999999967,-0.997860407874914
151,1.998152472,1.060758881,1.398706731,-0.9973064183567358,0.9999999999999221,-0.9973064462508421
152,1.998710144,1.050774485,1.399097101,-0.9965030850847141,0.9999999999999568,-0.9965030742764761
153,1.999167945,1.040785011,1.399417562,-0.9952751706112186,0.9999999999999395,-0.9952751499386211
154,1.999525831,1.030791459,1.399668081,-0.9932623848525369,0.9999999999996685,-0.9932623050749367
155,1.999783764,1.020794828,1.399848635,-0.9896245119467715,0.999999999999566,-0.9896245456266402
156,1.99994172,1.010796117,1.399959204,-0.9820195566330975,0.9999999999992345,-0.9820196238107644
157,1.999999683,1.000796327,1.399999778,-0.9618129044451128,0.9999999999983975,-0.9618130414361837
158,1.999957646,0.990796457,1.399970353,-0.876938999107052,0.9999999999957548,-0.876939764080051
159,1.999815615,0.980797507,1.399870931,-0.13339322423293845,0.9999999999849757,-0.1333967291321596
160,1.999573603,0.970800478,1.399701522,0.841174836156475,0.9999999999946863,0.8411735789799034
161,1.999231634,0.960806368,1.399462144,0.9556525614620083,0.9999999999985631,0.9556523262651113
162,1.998789743,0.950816178,1.39915282,0.9800672187329084,0.9999999999997146,0.9800673294672658
163,1.998247974,0.940830906,1.398773582,0.9887807276724154,0.9999999999998491,0.988780786482464
164,1.997606381,0.930851551,1.398324467,0.9928253931843509,0.9999999999999696,0.9928253956810997
165,1.996865028,0.920879111,1.39780552,0.9950207260180852,0.9999999999999803,0.9950207361981899
166,1.99602399,0.910914583,1.397216793,0.9963422524086437,0.9999999999999654,0.9963422310716044
167,1.99508335,0.900958963,1.396558345,0.9971984286201026,0.9999999999999881,0.9971984213744441
168,1.994043202,0.891013248,1.395830242,0.9977844125773381,0.999999999999966,0.9977844250060042
169,1.992903651,0.881078431,1.395032556,0.9982029248206903,0.9999999999999739,0.9982029304397378
170,1.99166481,0.871155506,1.394165367,0.9985121538253058,0.9999999999999758,0.9985121446744176
171,1.990326804,0.861245465,1.393228763,0.9987470554943757,0.9999999999999823,0.9987470514987368
172,1.988889766,0.8513493,1.392222836,0.9989296507647663,0.999999999999995,0.9989296524586885
173,1.98735384,0.841467999,1.391147688,0.9990743871153914,0.9999999999999951,0.9990743887593283
174,1.985719179,0.831602552,1.390003425,0.9991910350189306,0.9999999999999962,0.999191033835856
175,1.983985947,0.821753944,1.388790163,0.999286421051031,0.9999999999999933,0.999286424248726
176,1.982154317,0.811923161,1.387508022,0.9993654057625463,0.9999999999999971,0.9993654064546725
177,1.980224473,0.802111185,1.386157131,0.9994315445188534,0.9999999999999967,0.9994315440449517
178,1.978196607,0.792318998,1.384737625,0.9994874682561473,0.9999999999999973,0.999487466979187
179,1.976070922,0.782547579,1.383249645,0.9995351751109275,0.9999999999999977,0.9995351740602387
180,1.973847631,0.772797905,1.381693342,0.9995761964519528,0.9999999999999934,0.99957619830661
181,1.971526956,0.763070951,1.380068869,0.9996117237478747,0.9999999999999939,0.9996117234386671
182,1.969109129,0.75336769,1.37837639,0.9996426893127343,0.9999999999999941,0.999642688770421
183,1.966594392,0.743689092,1.376616074,0.9996698398288599,0.9999999999999943,0.9996698382809973
184,1.963982996,0.734036124,1.374788097,0.9996937746371992,0.9999999999999974,0.999693776372311
185,1.961275203,0.724409753,1.372892642,0.9997149790893253,0.9999999999999993,0.9997149798672894
186,1.958471283,0.714810941,1.370929898,0.9997338488862509,0.9999999999999997,0.9997338489723426
187,1.955571517,0.705240647,1.368900062,0.9997507131386346,1.0,0.9997507130145905
188,1.952576194,0.695699829,1.366803336,0.9997658415683527,0.9999999999999999,0.9997658417299692
189,1.949485615,0.686189441,1.36463993,0.9997794637784329,0.9999999999999968,0.9997794624982843
190,1.946300088,0.676710433,1.362410061,0.9997917691030781,0.9999999999999971,0.9997917679982555
191,1.943019931,0.667263754,1.360113952,0.9998029186514523,0.9999999999999929,0.9998029203378657
192,1.939645474,0.657850349,1.357751832,0.9998130508871363,0.9999999999999932,0.999813052463557
193,1.936177052,0.648471158,1.355323937,0.9998222830600911,0.999999999999998,0.9998222830193798
194,1.932615014,0.63912712,1.35283051,0.9998307165731787,0.999999999999996,0.9998307151862856
195,1.928959715,0.629819169,1.350271801,0.9998384367077497,0.9999999999999991,0.9998384367031424
196,1.925211521,0.620548235,1.347648065,0.9998455209014853,0.9999999999999987,0.999845520606451
197,1.921370806,0.611315247,1.344959564,0.9998520315984715,0.9999999999999988,0.9998520312205729
198,1.917437955,0.602121126,1.342206569,0.9998580293252368,0.9999999999999978,0.9998580295941771
199,1.913413361,0.592966793,1.339389353,0.9998635627579571,0.9999999999999978,0.9998635633753029
200,1.909297427,0.583853163,1.336508199,0.9998686765452495,0.9999999999999982,0.9998686763969379
201,1.905090563,0.574781148,1.333563394,0.999873406862464,0.9999999999999981,0.9998734060145021
202,1.900793192,0.565751654,1.330555234,0.9998777917271805,1.0,0.9998777916517377
203,1.896405741,0.556765584,1.327484019,0.9998818591652735,0.999999999999998,0.9998818599104
204,1.891928651,0.547823838,1.324350056,0.9998856373320508,0.9999999999999983,0.9998856379157848
205,1.887362369,0.538927309,1.321153658,0.999889149384666,0.9999999999999979,0.999889148855733
206,1.882707351,0.530076886,1.317895146,0.9998924182775958,0.9999999999999976,0.9998924179599676
207,1.877964063,0.521273456,1.314574844,0.9998954611928952,0.9999999999999988,0.9998954613484177
208,1.87313298,0.512517898,1.311193086,0.9998982973073782,0.9999999999999987,0.999898297455859
209,1.868214583,0.503811087,1.307750208,0.9999009411347489,0.9999999999999992,0.9999009408148337
210,1.863209367,0.495153895,1.304246557,0.9999034076263388,0.9999999999999996,0.9999034079722787
211,1.85811783,0.486547188,1.300682481,0.999905707736467,1.0,0.9999057077018269
212,1.852940482,0.477991825,1.297058337,0.9999078543052671,0.9999999999999996,0.9999078540158098
213,1.84767784,0.469488662,1.293374488,0.9999098566383561,0.9999999999999994,0.9999098566710336
214,1.842330432,0.461038551,1.289631302,0.9999117254390002,0.9999999999999997,0.999911725503978
215,1.836898791,0.452642335,1.285829154,0.9999134675931666,0.999999999999999,0.9999134680102867
216,1.831383461,0.444300854,1.281968423,0.9999150918677522,0.9999999999999991,0.9999150919498988
217,1.825784993,0.436014942,1.278049495,0.9999166045558804,0.9999999999999989,0.9999166043549508
218,1.820103948,0.427785429,1.274072763,0.9999180122504457,0.9999999999999981,0.9999180114737931
219,1.814340892,0.419613137,1.270038625,0.9999193199515131,0.9999999999999972,0.9999193205777779
220,1.808496404,0.411498883,1.265947483,0.9999205344761458,0.9999999999999976,0.9999205349270011
221,1.802571066,0.403443478,1.261799746,0.9999216595512916,0.9999999999999976,0.9999216591852156
222,1.796565472,0.395447729,1.257595831,0.9999226992946895,0.9999999999999974,0.9999226990866965
223,1.790480222,0.387512434,1.253336156,0.9999236574698862,0.9999999999999986,0.9999236579690989
224,1.784315925,0.379638388,1.249021148,0.9999245385214012,0.9999999999999992,0.9999245384691623
225,1.778073197,0.371826377,1.244651238,0.999925344924794,0.9999999999999987,0.999925344321539
226,1.771752662,0.364077183,1.240226863,0.9999260793807143,0.9999999999999998,0.9999260790783211
227,1.765354953,0.356391581,1.235748467,0.9999267450072572,0.9999999999999993,0.9999267451747441
228,1.758880708,0.348770339,1.231216496,0.9999273434821426,0.9999999999999988,0.99992734407797
229,1.752330576,0.34121422,1.226631403,0.9999278774254334,0.999999999999999,0.9999278774250575
230,1.745705212,0.333723979,1.221993649,0.9999283486255816,0.999999999999999,0.9999283485999446
231,1.739005278,0.326300364,1.217303695,0.9999287588923255,0.9999999999999993,0.9999287588902294
232,1.732231444,0.318944119,1.212562011,0.9999291084130429,0.9999999999999992,0.9999291083695472
233,1.725384387,0.31165598,1.207769071,0.9999293983933372,0.9999999999999992,0.9999293980096874
234,1.718464793,0.304436674,1.202925355,0.9999296312977332,1.0,0.9999296313214551
235,1.711473353,0.297286923,1.198031347,0.9999298077009559,1.0,0.9999298077652952
236,1.704410766,0.290207444,1.193087536,0.9999299265076417,1.0,0.999929926550226
237,1.697277738,0.283198943,1.188094417,0.9999299885091122,0.9999999999999994,0.999929988813357
238,1.690074984,0.276262121,1.183052488,0.9999299957412764,0.9999999999999987,0.9999299954003725
239,1.682803222,0.269397673,1.177962255,0.9999299465280727,0.9999999999999989,0.9999299463701986
240,1.675463181,0.262606284,1.172824226,0.999929840849292,0.9999999999999989,0.9999298408121473
241,1.668055593,0.255888635,1.167638915,0.9999296780942978,0.9999999999999983,0.999929678663803
242,1.660581201,0.249245395,1.162406841,0.9999294597310578,0.9999999999999996,0.9999294599029745
243,1.653040752,0.242677231,1.157128526,0.9999291830409351,0.9999999999999991,0.999929182846619
244,1.645434998,0.236184798,1.151804499,0.9999288476207547,0.9999999999999991,0.999928847484215
245,1.637764702,0.229768746,1.146435291,0.9999284519031046,0.999999999999999,0.9999284517320424
246,1.63003063,0.223429716,1.141021441,0.9999279962002532,0.9999999999999992,0.9999279963147375
247,1.622233555,0.217168343,1.135563489,0.9999274772120835,0.999999999999999,0.9999274773238267
248,1.614374258,0.210985253,1.13006198,0.9999268937015473,0.9999999999999983,0.9999268936087211
249,1.606453523,0.204881063,1.124517466,0.9999262443251937,0.999999999999999,0.9999262440629384
250,1.598472144,0.198856384,1.118930501,0.9999255269987745,0.9999999999999988,0.9999255272230868
251,1.590430918,0.19291182,1.113301643,0.9999247376485376,0.9999999999999988,0.999924738095063
252,1.58233065,0.187047963,1.107631455,0.9999238750472458,0.9999999999999996,0.9999238746922733
253,1.574172148,0.181265401,1.101920504,0.9999229351088524,1.0,0.9999229350338013
254,1.56595623,0.175564711,1.096169361,0.9999219155957125,0.9999999999999997,0.9999219155218466
255,1.557683717,0.169946465,1.090378602,0.9999208110358508,0.9999999999999998,0.9999208110735139
256,1.549355436,0.164411223,1.084548805,0.9999196189279008,0.9999999999999998,0.9999196187614083
257,1.54097222,0.158959539,1.078680554,0.9999183334698809,0.9999999999999998,0.9999183336194736
258,1.532534908,0.153591959,1.072774435,0.9999169503520844,1.0,0.9999169501855969
259,1.524044342,0.148309019,1.066831039,0.9999154627871297,1.0,0.9999154628256384
260,1.515501372,0.143111247,1.06085096,0.9999138659398898,0.9999999999999998,0.999913866015442
261,1.506906852,0.137999163,1.054834797,0.9999121527707963,0.9999999999999991,0.999912153333384
262,1.498261642,0.132973279,1.04878315,0.9999103151916402,0.9999999999999998,0.9999103153021659
263,1.489566607,0.128034096,1.042696625,0.9999083457140149,0.9999999999999991,0.9999083453331707
264,1.480822615,0.12318211,1.03657583,0.9999062341689211,0.9999999999999983,0.9999062334638646
265,1.472030541,0.118417804,1.030421379,0.9999039714362241,0.9999999999999993,0.9999039717253468
266,1.463191265,0.113741656,1.024233885,0.9999015459977642,0.9999999999999993,0.9999015461538313
267,1.45430567,0.109154133,1.018013969,0.9998989462525898,0.9999999999999993,0.9998989463695539
268,1.445374645,0.104655694,1.011762251,0.9998961570099852,0.9999999999999991,0.999896156754972
269,1.436399082,0.100246789,1.005479358,0.9998931642578223,0.9999999999999989,0.9998931648121168
270,1.42737988,0.095927858,0.999165916,0.9998899516278523,0.9999999999999993,0.9998899515067043
271,1.418317941,0.091699334,0.992822558,0.9998864997982665,0.9999999999999988,0.999886499374305
272,1.40921417,0.087561639,0.986449919,0.9998827875354672,0.9999999999999988,0.9998827873516403
273,1.400069478,0.083515187,0.980048634,0.9998787910908552,0.9999999999999993,0.9998787913822108
274,1.390884779,0.079560382,0.973619345,0.9998744855615344,0.9999999999999994,0.9998744857086183
275,1.381660992,0.075697621,0.967162694,0.999869839577393,0.9999999999999997,0.9998698394284101
276,1.372399039,0.07192729,0.960679328,0.9998648201063832,0.9999999999999991,0.9998648207524109
277,1.363099847,0.068249765,0.954169893,0.9998593912107326,0.9999999999999993,0.9998593910777837
278,1.353764345,0.064665414,0.947635042,0.9998535100896028,0.9999999999999994,0.9998535099324101
279,1.344393467,0.061174596,0.941075427,0.9998471260836179,0.9999999999999991,0.9998471256299615
280,1.33498815,0.057777659,0.934491705,0.9998401847594519,1.0,0.9998401848064612
281,1.325549335,0.054474944,0.927884534,0.9998326229985385,0.9999999999999997,0.9998326226466175
282,1.316077964,0.051266781,0.921254575,0.9998243667678123,0.9999999999999999,0.9998243672008218
283,1.306574986,0.04815349,0.91460249,0.9998153338206439,0.9999999999999999,0.9998153339681246
284,1.297041351,0.045135384,0.907928946,0.9998054263898666,0.9999999999999997,0.999805426615278
285,1.287478012,0.042212762,0.901234609,0.9997945326877443,0.9999999999999999,0.9997945327121268
286,1.277885926,0.039385919,0.894520148,0.9997825169791168,0.9999999999999996,0.9997825167154084
287,1.268266051,0.036655137,0.887786236,0.999769225045155,0.9999999999999997,0.9997692247469695
288,1.25861935,0.034020688,0.881033545,0.9997544742639815,0.9999999999999999,0.9997544742923438
289,1.248946787,0.031482836,0.874262751,0.999738049991964,0.9999999999999996,0.9997380502792728
290,1.239249329,0.029041835,0.86747453,0.9997196866375301,0.9999999999999999,0.9997196862234411
291,1.229527947,0.026697929,0.860669563,0.9996990723911467,0.9999999999999997,0.9996990726667686
292,1.219783612,0.024451352,0.853848529,0.999675831376917,0.9999999999999999,0.9996758318828409
293,1.210017299,0.02230233,0.847012109,0.9996494972569908,0.9999999999999992,0.9996494969613523
294,1.200229985,0.020251076,0.840160989,0.9996195048574135,0.9999999999999993,0.9996195039702036
295,1.190422647,0.018297797,0.833295853,0.9995851442147159,0.9999999999999996,0.9995851445354291
296,1.180596268,0.016442687,0.826417388,0.9995455335590018,0.999999999999999,0.9995455347478155
297,1.170751829,0.014685932,0.81952628,0.9994995463983097,0.9999999999999997,0.9994995458920471
298,1.160890315,0.013027707,0.81262322,0.9994457504848733,0.9999999999999996,0.999445749422545
299,1.151012712,0.011468179,0.805708898,0.9993822643277022,0.9999999999999999,0.9993822643717629
300,0.010007503,0.010007503,0.798784006,0.700335196440477,0.7225816277159544,0.9993066334779172
301,0.008645826,0.008645826,0.791849235,0.8613098450166485,0.8713094172410295,0.9992155465944793
302,0.007383283,0.007383283,0.784905279,0.877374920196242,0.8677119531146444,0.9991045095798066
303,0.006220001,0.006220001,0.777952832,0.7349568053140829,0.708582755917545,0.9989672385484094
304,0.005156097,0.005156097,0.77099259,1.0,0.998794783611234,0.998794783611234
305,0.004191675,0.004191675,0.76402525,1.0,0.9985740414915808,0.9985740414915808
306,0.003326834,0.003326834,0.757051506,0.9999999999999999,0.9982851502916847,0.9982851502916847
307,0.00256166,0.00256166,0.750072058,0.9999999999999999,0.9978969136552714,0.9978969136552714
308,0.001896228,0.001896228,0.743087602,1.0,0.9973580757933894,0.9973580757933894
309,0.001330606,0.001330606,0.736098838,1.0,0.9965795381253594,0.9965795381253594
310,0.00086485,0.00086485,0.729106464,1.0,0.995395135946349,0.995395135946349
311,0.000499006,0.000499006,0.722111179,1.0,0.9934660208000308,0.9934660208000308
312,0.000233112,0.000233112,0.715113683,1.0,0.9900113240331423,0.9900113240331423
313,6.71941e-05,6.71941e-05,0.708114676,0.9999999999999998,0.9828906141452199,0.9828906141452199
314,1.26827e-06,1.26827e-06,0.701114857,1.0,0.9644302865024974,0.9644302865024974
315,3.53415e-05,3.53415e-05,0.694114927,1.0,0.8906898670108344,0.8906898670108344
316,0.00016941,0.00016941,0.687115585,1.0,0.25993991278876233,0.25993991278876233
317,0.000403462,0.000403462,0.680117532,1.0,-0.8177875802275762,-0.8177875802275762
318,0.000737471,0.000737471,0.673121467,1.0,-0.9520121332092653,-0.9520121332092653
319,0.001171407,0.001171407,0.66612809,1.0,-0.9789708380169374,-0.9789708380169374
320,0.001705224,0.001705224,0.6591381,1.0,-0.9883198369970623,-0.9883198369970623
321,0.00233887,0.00233887,0.652152196,0.9999999999999999,-0.992590756656727,-0.992590756656727
322,0.003072282,0.003072282,0.645171077,0.9999999999999999,-0.9948857064975664,-0.9948857064975664
323,0.003905385,0.003905385,0.63819544,1.0,-0.9962576081869912,-0.9962576081869912
324,0.004838097,0.004838097,0.631225984,1.0,-0.9971419562482299,-0.9971419562482299
325,0.005870324,0.005870324,0.624263406,1.0,-0.9977448948729803,-0.9977448948729803
326,0.007001963,0.007001963,0.617308401,0.9999999999999999,-0.9981741945951249,-0.9981741945951249
327,0.008232902,0.008232902,0.610361665,1.0,-0.9984906117876419,-0.9984906117876419
328,0.009563016,0.009563016,0.603423893,1.0,-0.9987304915843545,-0.9987304915843545
329,0.010992173,0.010992173,0.596495778,1.0,-0.9989166519752509,-0.9989166519752509
330,0.01252023,0.01252023,0.589578014,1.0,-0.9990639975800748,-0.9990639975800748
331,0.014147034,0.014147034,0.582671292,0.9999999999999998,-0.999182601698349,-0.999182601698349
332,0.015872423,0.015872423,0.575776303,1.0,-0.9992794802969569,-0.9992794802969569
333,0.017696224,0.017696224,0.568893736,0.9999999999999999,-0.9993596268007683,-0.9993596268007683
334,0.019618254,0.019618254,0.562024279,0.9999999999999999,-0.9994266813893039,-0.9994266813893039
335,0.021638321,0.021638321,0.55516862,1.0,-0.9994833416967226,-0.9994833416967226
336,0.023756224,0.023756224,0.548327444,1.0,-0.9995316399010725,-0.9995316399010725
337,0.025971751,0.025971751,0.541501435,1.0,-0.9995731431927045,-0.9995731431927045
338,0.028284679,0.028284679,0.534691276,1.0,-0.9996090716560575,-0.9996090716560575
339,0.030694778,0.030694778,0.527897647,1.0,-0.9996403738289985,-0.9996403738289985
340,0.033201807,0.033201807,0.521121229,0.9999999999999999,-0.9996678035811979,-0.9996678035811979
341,0.035805515,0.035805515,0.514362698,1.0,-0.9996919736302022,-0.9996919736302022
342,0.038505642,0.038505642,0.507622731,1.0,-0.9997133794260956,-0.9997133794260956
343,0.041301917,0.041301917,0.500902001,1.0,-0.9997324243153562,-0.9997324243153562
344,0.044194061,0.044194061,0.494201181,1.0,-0.9997494375773978,-0.9997494375773978
345,0.047181785,0.047181785,0.487520941,1.0,-0.9997646955675165,-0.9997646955675165
346,0.05026479,0.05026479,0.480861949,1.0,-0.9997784284893364,-0.9997784284893364
347,0.053442768,0.053442768,0.47422487,0.9999999999999998,-0.9997908325227965,-0.9997908325227965
348,0.056715401,0.056715401,0.467610368,1.0,-0.9998020698301809,-0.9998020698301809
349,0.060082361,0.060082361,0.461019105,1.0,-0.9998122795028477,-0.9998122795028477
350,0.063543313,0.063543313,0.454451741,1.0,-0.9998215781898616,-0.9998215781898616
351,0.067097909,0.067097909,0.44790893,1.0,-0.9998300718776969,-0.9998300718776969
352,0.070745795,0.070745795,0.441391329,1.0,-0.9998378461582704,-0.9998378461582704
353,0.074486605,0.074486605,0.434899588,1.0,-0.9998449787408471,-0.9998449787408471
354,0.078319966,0.078319966,0.428434357,1.0,-0.999851532904832,-0.999851532904832
355,0.082245494,0.082245494,0.421996283,1.0,-0.9998575696541124,-0.9998575696541124
356,0.086262797,0.086262797,0.415586008,1.0,-0.9998631378129657,-0.9998631378129657
357,0.090371473,0.090371473,0.409204175,1.0,-0.9998682829641349,-0.9998682829641349
358,0.094571111,0.094571111,0.402851421,0.9999999999999999,-0.999873043555797,-0.999873043555797
359,0.098861291,0.098861291,0.396528382,0.9999999999999999,-0.9998774543545428,-0.9998774543545428
360,0.103241584,0.103241584,0.39023569,0.9999999999999999,-0.9998815464497645,-0.9998815464497645
361,0.107711552,0.107711552,0.383973973,1.0,-0.9998853469393063,-0.9998853469393063
362,0.112270748,0.112270748,0.37774386,1.0,-0.9998888793344013,-0.9998888793344013
363,0.116918717,0.116918717,0.371545971,1.0,-0.999892165822152,-0.999892165822152
364,0.121654993,0.121654993,0.365380928,1.0,-0.9998952262677892,-0.9998952262677892
365,0.126479102,0.126479102,0.359249346,1.0,-0.9998980792862767,-0.9998980792862767
366,0.131390563,0.131390563,0.353151839,1.0,-0.9999007378554213,-0.9999007378554213
367,0.136388885,0.136388885,0.347089017,1.0,-0.999903216559621,-0.999903216559621
368,0.141473566,0.141473566,0.341061485,1.0,-0.9999055301131944,-0.9999055301131944
369,0.1466441,0.1466441,0.335069847,1.0,-0.9999076889410153,-0.9999076889410153
370,0.151899968,0.151899968,0.329114701,0.9999999999999998,-0.9999097031804626,-0.9999097031804626
371,0.157240646,0.157240646,0.323196644,1.0,-0.9999115810260506,-0.9999115810260506
372,0.162665599,0.162665599,0.317316267,1.0,-0.9999133332458071,-0.9999133332458071
373,0.168174285,0.168174285,0.311474158,1.0,-0.9999149660785922,-0.9999149660785922
374,0.173766152,0.173766152,0.305670901,1.0,-0.9999164883221897,-0.9999164883221897
375,0.179440643,0.179440643,0.299907077,1.0,-0.9999179035916793,-0.9999179035916793
376,0.185197188,0.185197188,0.294183262,1.0,-0.9999192196149964,-0.9999192196149964
377,0.191035213,0.191035213,0.288500028,1.0,-0.999920441227635,-0.999920441227635
378,0.196954134,0.196954134,0.282857943,1.0,-0.9999215735722419,-0.9999215735722419
379,0.202953359,0.202953359,0.277257573,1.0,-0.9999226191270965,-0.9999226191270965
380,0.209032288,0.209032288,0.271699476,1.0,-0.9999235840115963,-0.9999235840115963
381,0.215190313,0.215190313,0.266184209,1.0,-0.9999244710392463,-0.9999244710392463
382,0.221426818,0.221426818,0.260712324,1.0,-0.9999252832264155,-0.9999252832264155
383,0.22774118,0.22774118,0.255284367,0.9999999999999998,-0.9999260231278687,-0.9999260231278687
384,0.234132768,0.234132768,0.249900881,1.0,-0.9999266941181084,-0.9999266941181084
385,0.240600941,0.240600941,0.244562404,1.0,-0.9999272987694146,-0.9999272987694146
386,0.247145053,0.247145053,0.239269471,0.9999999999999998,-0.9999278380356726,-0.9999278380356726
387,0.253764451,0.253764451,0.23402261,1.0,-0.9999283137611764,-0.9999283137611764
388,0.260458471,0.260458471,0.228822347,0.9999999999999998,-0.9999287277934944,-0.9999287277934944
389,0.267226445,0.267226445,0.223669202,1.0,-0.9999290819950244,-0.9999290819950244
390,0.274067696,0.274067696,0.218563689,0.9999999999999999,-0.9999293774510477,-0.9999293774510477
391,0.305009027,0.280981539,0.213506319,0.9250008054186539,-0.9211340347344075,-0.9999296153674122
392,0.297853711,0.287967284,0.208497598,0.9128640506084401,-0.9131718058299109,-0.9999297956962775
393,0.29076861,0.295024231,0.203538027,0.7002018799171663,-0.7067548035850416,-0.9999299188505982
394,0.283754431,0.302151675,0.198628102,0.06234160820809747,-0.07230135359610095,-0.9999299858676081
395,0.276811876,0.309348903,0.193768313,-0.9999299973550336,0.9999999999999997,-0.9999299975180048
396,0.269941639,0.316615196,0.188959147,-0.999929952449723,0.9999999999999998,-0.9999299525336965
397,0.263144408,0.323949827,0.184201085,-0.9999298509561974,0.9999999999999997,-0.9999298511245792
398,0.256420861,0.331352063,0.179494603,-0.9999296934211179,0.9999999999999987,-0.9999296928770431
399,0.249771672,0.338821162,0.17484017,-0.9999294793014151,0.9999999999999991,-0.9999294793010876
400,0.243197505,0.346356379,0.170238253,-0.9999292072394214,0.9999999999999988,-0.9999292074975852
401,0.236699017,0.35395696,0.165689312,-0.9999288763623497,0.9999999999999986,-0.9999288763613089
402,0.230276859,0.361622144,0.161193801,-0.9999284860078835,0.999999999999999,-0.999928485721959
403,0.223931673,0.369351166,0.156752171,-0.9999280344244552,0.9999999999999997,-0.9999280345126562
404,0.217664093,0.377143252,0.152364865,-0.9999275204828609,0.9999999999999997,-0.9999275206183301
405,0.211474746,0.384997623,0.148032322,-0.9999269427662794,0.9999999999999997,-0.999926942674511
406,0.20536425,0.392913494,0.143754975,-0.9999262991707805,1.0,-0.99992629919328
407,0.199333218,0.400890074,0.139533252,-0.9999255861584522,0.9999999999999999,-0.9999255863759307
408,0.193382251,0.408926563,0.135367576,-0.9999248032865904,0.999999999999999,-0.9999248029930331
409,0.187511946,0.41702216,0.131258362,-0.9999239463647434,0.9999999999999991,-0.9999239463391892
410,0.181722889,0.425176053,0.127206022,-0.9999230132689708,0.9999999999999988,-0.9999230133708428
411,0.176015659,0.433387429,0.123210961,-0.9999219992955349,0.9999999999999988,-0.9999219996576636
412,0.170390826,0.441655466,0.119273578,-0.999920902549586,0.9999999999999996,-0.9999209022090596
413,0.164848954,0.449979336,0.115394268,-0.9999197171468851,0.9999999999999999,-0.9999197168474127
414,0.159390596,0.458358208,0.111573418,-0.9999184395466104,0.9999999999999996,-0.9999184391246027
415,0.154016299,0.466791244,0.107811409,-0.999917063587372,0.9999999999999971,-0.9999170642063057
416,0.148726599,0.4752776,0.104108619,-0.9999155852282865,0.9999999999999971,-0.9999155859545416
417,0.143522026,0.483816428,0.100465418,-0.9999139974938605,0.9999999999999982,-0.9999139974704278
418,0.1384031,0.492406874,0.09688217,-0.9999122937243448,0.9999999999999978,-0.9999122929067665
419,0.133370333,0.501048079,0.093359233,-0.9999104660675554,0.9999999999999999,-0.9999104660963081
420,0.128424228,0.509739179,0.089896959,-0.9999085073357494,0.9999999999999992,-0.9999085078202662
421,0.12356528,0.518479304,0.086495696,-0.9999064078427592,0.9999999999999991,-0.9999064077111482
422,0.118793974,0.527267581,0.083155782,-0.9999041579082669,0.9999999999999987,-0.9999041573265538
423,0.114110789,0.536103131,0.079877552,-0.9999017454062622,0.9999999999999983,-0.9999017455450565
424,0.109516191,0.54498507,0.076661334,-0.9998991597268782,0.9999999999999986,-0.9998991599736532
425,0.105010642,0.55391251,0.073507449,-0.9998963862243696,0.9999999999999981,-0.9998963864901096
426,0.10059459,0.562884559,0.070416213,-0.9998934110312104,0.9999999999999984,-0.9998934108401794
427,0.096268479,0.571900318,0.067387935,-0.9998902158576563,0.9999999999999982,-0.9998902161400478
428,0.092032739,0.580958888,0.064422918,-0.9998867841834015,0.999999999999996,-0.9998867830559403
429,0.087887796,0.590059361,0.061521457,-0.9998830928061353,0.9999999999999963,-0.99988309335967
430,0.083834063,0.599200828,0.058683844,-0.9998791203895483,0.9999999999999964,-0.9998791208829599
431,0.079871946,0.608382374,0.055910362,-0.9998748399333666,0.9999999999999962,-0.9998748404968035
432,0.076001841,0.617603082,0.053201289,-0.9998702227494048,0.9999999999999964,-0.9998702214939923
433,0.072224135,0.62686203,0.050556895,-0.9998652347822453,0.9999999999999994,-0.9998652343624088
434,0.068539206,0.63615829,0.047977444,-0.9998598401829388,0.9999999999999973,-0.999859840971263
435,0.064947422,0.645490935,0.045463196,-0.9998539959639802,0.9999999999999967,-0.9998539961192421
436,0.061449143,0.65485903,0.0430144,-0.9998476535052107,0.9999999999999963,-0.9998476536861974
437,0.058044718,0.664261639,0.040631303,-0.9998407586330198,0.9999999999999956,-0.9998407580872607
438,0.054734488,0.673697822,0.038314141,-0.9998332487087602,0.9999999999999929,-0.9998332502537403
439,0.051518783,0.683166634,0.036063148,-0.9998250526054541,0.9999999999999952,-0.9998250520253085
440,0.048397926,0.69266713,0.033878548,-0.9998160847835889,0.9999999999999957,-0.9998160845808143
441,0.045372228,0.702198359,0.03176056,-0.9998062507684485,0.9999999999999926,-0.9998062488123983
442,0.042441993,0.711759367,0.029709395,-0.9997954374828715,0.9999999999999969,-0.9997954384896957
443,0.039607512,0.7213492,0.027725258,-0.999783517694394,0.9999999999999966,-0.9997835189688106
444,0.036869069,0.730966897,0.025808349,-0.9997703358688803,0.999999999999991,-0.9997703347711541
445,0.034226939,0.740611497,0.023958858,-0.999755709881957,0.9999999999999898,-0.9997557075520052
446,0.031681386,0.750282036,0.02217697,-0.9997394230730012,0.999999999999986,-0.9997394254051954
447,0.029232663,0.759977547,0.020462864,-0.9997212249678651,0.9999999999999836,-0.9997212281621961
448,0.026881017,0.769697059,0.018816712,-0.999700804863284,0.9999999999999946,-0.9997008032725436
449,0.024626681,0.779439602,0.017238677,-0.9996777891184405,0.9999999999999917,-0.9996777862012851
450,0.022469882,0.789204201,0.015728918,-0.9996517205343325,0.9999999999999998,-0.9996517198994496
451,0.020410836,0.798989879,0.014287585,-0.9996220415926491,0.9999999999999917,-0.9996220444361794
452,0.018449747,0.808795657,0.012914823,-0.9995880602023274,0.9999999999999928,-0.9995880617074485
453,0.016586812,0.818620556,0.011610769,-0.9995489082855363,0.9999999999999883,-0.9995489055755764
454,0.014822218,0.828463593,0.010375553,-0.999503476934453,0.9999999999999871,-0.9995034741228117
455,0.013156141,0.838323784,0.009209299,-0.9994503562856382,0.999999999999994,-0.9994503594837247
456,0.011588748,0.848200142,0.008112124,-0.9993877237553944,0.9999999999999958,-0.9993877254476877
457,0.010120195,0.858091679,0.007084136,-0.9993131696807922,0.9999999999999895,-0.999313173257198
458,0.008750629,0.867997408,0.00612544,-0.9992234652187051,0.9999999999999887,-0.9992234667842764
459,0.007480187,0.877916336,0.005236131,-0.99911421958191,0.9999999999999765,-0.999114213697442
460,0.006308996,0.887847473,0.004416297,-0.9989793227975009,0.9999999999999731,-0.9989793171545405
461,0.005237174,0.897789825,0.003666022,-0.9988100812873676,0.9999999999999929,-0.9988100823202604
462,0.004264827,0.907742398,0.002985379,-0.9985937927800619,0.9999999999999915,-0.9985937941698247
463,0.003392053,0.917704197,0.002374437,-0.9983112781079678,0.9999999999999895,-0.9983112802065012
464,0.002618938,0.927674225,0.001833257,-0.9979325128373532,0.9999999999999822,-0.997932511430009
465,0.001945561,0.937651485,0.001361893,-0.9974082726345633,0.999999999999981,-0.9974082648376454
466,0.001371989,0.947634981,0.000960392,-0.9966534750593541,0.9999999999999383,-0.9966534945614419
467,0.000898278,0.957623713,0.000628795,-0.9955105464716842,0.9999999999998953,-0.9955105476778542
468,0.000524477,0.967616682,0.000367134,-0.9936605802657211,0.9999999999998848,-0.9936605589371542
469,0.000250623,0.97761289,0.000175436,-0.9903768590758054,0.9999999999998249,-0.990376869365827
470,7.67424e-05,0.987611337,5.37197e-05,-0.983700316171407,0.9999999999997565,-0.9837003829841195
471,2.85361e-06,0.997611022,1.99753e-06,-0.9667918997800607,0.999999999999929,-0.9667918208268286
472,2.89637e-05,1.007610946,2.02746e-05,-0.9023653910944638,0.9999999999999056,-0.9023653112284605
473,0.00015507,1.017610109,0.000108549,-0.3744168261858739,0.9999999999999234,-0.3744166154558176
474,0.00038116,1.027607511,0.000266812,0.7895055861804164,0.9999999999999974,0.7895055518590354
475,0.000707211,1.037602153,0.000495048,0.9479169712193958,0.9999999999999422,0.9479168998060136
476,0.001133191,1.047593034,0.000793233,0.9777823016794615,0.9999999999995446,0.9777824240597897
477,0.001659056,1.057579156,0.001161339,0.9878300286903925,0.9999999999997033,0.9878300333387544
478,0.002284754,1.06755952,0.001599328,0.9923445285009868,0.9999999999997218,0.9923444755914445
479,0.003010224,1.077533128,0.002107157,0.994745109296481,0.9999999999998116,0.9947450707343466
480,0.003835391,1.087498983,0.002684774,0.9961699875114368,0.9999999999999641,0.9961700099695335
481,0.004760174,1.097456089,0.003332122,0.99708373951724,0.9999999999999863,0.9970837511091161
482,0.00578448,1.107403448,0.004049136,0.9977042845459515,0.999999999999996,0.9977042898311487
483,0.006908207,1.117340068,0.004835745,0.9981447455984845,0.9999999999999972,0.9981447460814358
484,0.008131243,1.127264953,0.00569187,0.998468588383599,0.9999999999999986,0.9984685874018985
485,0.009453464,1.137177112,0.006617425,0.9987136003156685,0.9999999999999951,0.9987135966415974
486,0.010874739,1.147075554,0.007612317,0.9989034137614643,0.9999999999999927,0.9989034167432749
487,0.012394926,1.156959288,0.008676448,0.9990534270368421,0.9999999999999941,0.9990534276466958
488,0.014013873,1.166827326,0.009809711,0.999174026390956,0.9999999999999941,0.9991740256620522
489,0.015731417,1.176678681,0.011011992,0.9992724360007145,0.9999999999999929,0.9992724318989188
490,0.017547387,1.186512369,0.012283171,0.9993537711875342,0.9999999999999997,0.9993537715656203
491,0.019461602,1.196327406,0.013623122,0.9994217545077249,0.9999999999999984,0.9994217532779369
492,0.02147387,1.206122811,0.015031709,0.9994791544115696,0.9999999999999929,0.9994791567612453
493,0.02358399,1.215897603,0.016508793,0.9995280578995885,0.9999999999999938,0.9995280599561635
494,0.02579175,1.225650805,0.018054225,0.9995700600175923,0.999999999999995,0.9995700606584268
495,0.028096931,1.235381443,0.019667851,0.9996063918936977,0.9999999999999963,0.999606392078214
496,0.030499301,1.245088543,0.02134951,0.9996380302071978,0.9999999999999972,0.9996380311229529
497,0.03299862,1.254771134,0.023099034,0.9996657455961994,0.99999999999999,0.9996657427860206
498,0.035594638,1.264428248,0.024916247,0.9996901589547835,0.999999999999988,0.9996901554514045
499,0.038287097,1.27405892,0.026800968,0.9997117665619916,0.9999999999999957,0.9997117676670855
500,0.041075725,1.283662185,0.028753008,0.9997309853097942,0.999999999999996,0.9997309867535265
501,0.043960246,1.293237085,0.030772172,0.9997481488079923,0.9999999999999956,0.9997481502831579
502,0.046940369,1.302782662,0.032858259,0.9997635397362216,0.9999999999999937,0.9997635385399849
503,0.050015798,1.31229796,0.035011059,0.9997773865304874,0.999999999999995,0.99977738637264
504,0.053186224,1.321782029,0.037230357,0.9997898905349409,0.999999999999995,0.9997898906983789
505,0.056451331,1.33123392,0.039515932,0.9998012139174451,0.9999999999999958,0.9998012150815724
506,0.059810792,1.340652688,0.041867555,0.9998115008254959,0.9999999999999984,0.9998114997285228
507,0.063264272,1.350037391,0.04428499,0.9998208679527191,0.999999999999996,0.9998208689018482
508,0.066811424,1.35938709,0.046767996,0.9998294225433577,0.9999999999999953,0.9998294240145104
509,0.070451894,1.368700851,0.049316326,0.9998372519021053,0.9999999999999912,0.9998372506391519
510,0.074185318,1.377977743,0.051929722,0.9998444329862808,0.9999999999999917,0.9998444319004658
511,0.078011322,1.387216837,0.054607926,0.999851031750959,0.9999999999999937,0.9998510309817427
512,0.081929525,1.396417209,0.057350668,0.999857106589783,0.9999999999999946,0.9998571067255182
513,0.085939534,1.40557794,0.060157674,0.9998627101298356,0.9999999999999948,0.999862710294286
514,0.090040949,1.414698114,0.063028664,0.9998678872184956,0.9999999999999931,0.9998678890020781
515,0.094233359,1.423776818,0.065963351,0.9998726775339208,0.9999999999999998,0.9998726775144388
516,0.098516344,1.432813144,0.068961441,0.999877115296666,0.9999999999999979,0.9998771143305961
517,0.102889477,1.44180619,0.072022634,0.9998812320426833,0.9999999999999983,0.9998812314738945
518,0.107352321,1.450755056,0.075146624,0.9998850539999805,0.9999999999999973,0.9998850549279108
519,0.111904428,1.459658846,0.0783331,0.9998886069857104,0.9999999999999961,0.9998886067846846
520,0.116545344,1.468516671,0.081581741,0.9998919131174553,0.9999999999999962,0.99989191244966
521,0.121274605,1.477327645,0.084892224,0.9998949912893014,0.9999999999999971,0.9998949909555018
522,0.126091738,1.486090886,0.088264217,0.9998978585895435,0.999999999999998,0.9998978593004674
523,0.130996261,1.494805519,0.091697383,0.9999005322547773,0.9999999999999997,0.9999005323261245
524,0.135987684,1.503470671,0.095191378,0.9999030255798306,0.9999999999999974,0.9999030265387224
525,0.141065507,1.512085477,0.098745855,0.9999053520222133,0.999999999999997,0.9999053516782692
526,0.146229222,1.520649075,0.102360456,0.9999075228592978,0.9999999999999952,0.9999075218165168
527,0.151478315,1.529160608,0.10603482,0.9999095473398376,0.999999999999995,0.9999095474659335
528,0.156812258,1.537619226,0.109768581,0.9999114362982153,0.9999999999999958,0.9999114367983709
529,0.16223052,1.546024082,0.113561364,0.9999131981258349,0.9999999999999974,0.9999131980643579
530,0.167732558,1.554374336,0.11741279,0.9999148407952105,0.9999999999999972,0.9999148408770226
531,0.173317822,1.562669153,0.121322475,0.9999163703336579,0.9999999999999977,0.9999163707887315
532,0.178985753,1.570907704,0.125290027,0.9999177950886521,0.9999999999999986,0.9999177944702095
533,0.184735786,1.579089165,0.12931505,0.9999191185175886,0.9999999999999993,0.9999191182176765
534,0.190567344,1.587212717,0.13339714,0.9999203471497162,0.999999999999999,0.9999203476830074
535,0.196479844,1.595277548,0.137535891,0.9999214860124048,0.9999999999999986,0.9999214857785625
536,0.202472696,1.603282852,0.141730887,0.9999225392367497,0.9999999999999986,0.9999225389813299
537,0.2085453,1.611227828,0.14598171,0.9999235101223886,0.9999999999999987,0.9999235100745906
538,0.214697049,1.619111682,0.150287934,0.999924403017418,0.9999999999999986,0.9999244035113934
539,0.220927327,1.626933625,0.154649129,0.9999252212931139,0.9999999999999994,0.9999252210267392
540,0.227235512,1.634692876,0.159064859,0.9999259673543798,0.9999999999999994,0.999925967049477
541,0.233620973,1.642388658,0.163534681,0.9999266436081752,0.9999999999999991,0.9999266437728779
542,0.240083071,1.650020201,0.16805815,0.9999272525529089,0.9999999999999989,0.9999272528302084
543,0.246621161,1.657586743,0.172634812,0.9999277965014163,0.9999999999999984,0.9999277969269522
544,0.253234587,1.665087527,0.177264211,0.9999282779909167,0.9999999999999984,0.9999282776320736
545,0.25992269,1.672521802,0.181945883,0.999928697181819,0.9999999999999987,0.999928697006411
546,0.266684799,1.679888826,0.186679359,0.9999290564750214,0.9999999999999986,0.9999290563660552
547,0.273520239,1.687187862,0.191464168,0.9999293566914336,0.999999999999999,0.9999293566527007
548,0.280428327,1.694418179,0.196299829,0.9999295985787074,0.9999999999999989,0.9999295985166028
549,0.287408372,1.701579055,0.20118586,0.9999297824636876,0.9999999999999986,0.9999297828794921
550,0.294459674,1.708669774,0.206121772,0.9999299110839205,0.9999999999999983,0.9999299112278686
551,0.301581531,1.715689627,0.211107072,0.9999299831194893,0.999999999999999,0.9999299826093552
552,0.308773228,1.722637911,0.21614126,0.9999299985302932,0.9999999999999996,0.9999299983910096
553,0.316034048,1.729513932,0.221223834,0.9999299576454558,0.9999999999999998,0.9999299578875134
554,0.323363264,1.736317002,0.226354285,0.999929861181925,1.0,0.9999298613205774
555,0.330760143,1.743046441,0.2315321,0.999929708139852,0.9999999999999998,0.9999297083347986
556,0.338223945,1.749701576,0.236756762,0.9999294985657988,0.9999999999999996,0.9999294983512408
557,0.345753924,1.756281741,0.242027747,0.9999292309594603,0.9999999999999996,0.9999292308240169
558,0.353349328,1.762786279,0.247344529,0.9999289046303791,0.999999999999999,0.9999289049937119
559,0.361009396,1.769214539,0.252706577,0.9999285190574498,0.999999999999999,0.9999285192277432
560,0.368733362,1.775565879,0.258113353,0.9999280732603848,0.9999999999999992,0.9999280729921192
561,0.376520455,1.781839662,0.263564318,0.9999275641651072,0.9999999999999996,0.9999275640126501
562,0.384369895,1.788035262,0.269058926,0.9999269910042587,0.9999999999999998,0.999926991135833
563,0.392280897,1.794152059,0.274596628,0.9999263523728908,0.9999999999999996,0.9999263520547956
564,0.400252671,1.800189441,0.28017687,0.9999256457233071,0.9999999999999998,0.999925645501143
565,0.408284419,1.806146805,0.285799094,0.9999248680105238,0.9999999999999998,0.9999248679391727
566,0.416375339,1.812023555,0.291462737,0.9999240171323168,0.9999999999999987,0.9999240176913072
567,0.42452462,1.817819104,0.297167234,0.9999230905738041,0.999999999999999,0.9999230907959469
568,0.432731448,1.823532871,0.302912014,0.9999220835866778,0.9999999999999992,0.9999220833449123
569,0.440995003,1.829164286,0.308696502,0.9999209930601194,0.9999999999999992,0.9999209928551561
570,0.449314457,1.834712785,0.31452012,0.9999198148191625,0.9999999999999998,0.9999198150240207
571,0.45768898,1.840177813,0.320382286,0.999918544504361,0.9999999999999998,0.9999185445598537
572,0.466117734,1.845558824,0.326282414,0.9999171766530248,0.9999999999999997,0.999917176447985
573,0.474599875,1.850855281,0.332219912,0.9999157072050013,0.9999999999999997,0.9999157074842926
574,0.483134556,1.856066652,0.338194189,0.9999141284918706,0.9999999999999998,0.9999141285096743
575,0.491720923,1.861192417,0.344204646,0.9999124335314555,0.9999999999999998,0.9999124333807323
576,0.500358117,1.866232064,0.350250682,0.9999106162685726,0.9999999999999997,0.9999106159670117
577,0.509045275,1.871185088,0.356331693,0.9999086686179304,0.9999999999999998,0.9999086685628856
578,0.517781528,1.876050995,0.36244707,0.9999065805781758,1.0,0.9999065806176645
579,0.526566003,1.880829297,0.368596202,0.9999043422160658,0.9999999999999994,0.9999043425805142
580,0.535397821,1.885519517,0.374778474,0.9999019435622574,0.9999999999999994,0.9999019440238354
581,0.544276098,1.890121186,0.380993269,0.9998993722888434,0.9999999999999991,0.9998993718406358
582,0.553199948,1.894633843,0.387239963,0.9998966145467238,0.9999999999999989,0.9998966144083975
583,0.562168477,1.899057038,0.393517934,0.9998936555948597,0.9999999999999991,0.9998936554963087
584,0.571180789,1.903390328,0.399826552,0.9998904791473353,0.999999999999999,0.9998904794073428
585,0.580235982,1.907633279,0.406165188,0.9998870664753365,0.999999999999999,0.9998870659308791
586,0.589333152,1.911785468,0.412533206,0.9998833964179549,0.9999999999999991,0.9998833968471696
587,0.598471388,1.915846479,0.418929971,0.999879447404206,0.9999999999999991,0.9998794477130403
588,0.607649776,1.919815906,0.425354843,0.9998751928947492,0.999999999999999,0.9998751929359293
589,0.616867399,1.923693353,0.431807179,0.9998706039146583,0.9999999999999993,0.9998706034046245
590,0.626123335,1.927478431,0.438286335,0.9998656471592499,0.9999999999999997,0.9998656468378441
591,0.635416659,1.931170762,0.444791661,0.999860285611469,0.9999999999999994,0.9998602859400417
592,0.64474644,1.934769976,0.451322508,0.9998544779531958,0.9999999999999994,0.9998544781311174
593,0.654111747,1.938275714,0.457878223,0.9998481774722074,0.9999999999999994,0.9998481775401731
594,0.663511642,1.941687626,0.464458149,0.999841330020359,0.9999999999999998,0.9998413299274648
595,0.672945185,1.945005369,0.47106163,0.9998338717128963,0.9999999999999994,0.9998338715728884
596,0.682411434,1.948228613,0.477688004,0.999825731950334,0.9999999999999997,0.99982573180719
597,0.691909441,1.951357035,0.484336609,0.9998168292005596,0.9999999999999997,0.9998168292011536
598,0.701438258,1.954390322,0.49100678,0.9998070685048418,0.9999999999999992,0.9998070693048617
599,0.71099693,1.95732817,0.497697851,0.999796337429457,0.9999999999999996,0.9997963372235071
600,0.720584502,1.960170287,0.504409151,0.9997845109738195,0.9999999999999997,0.9997845108416388
601,0.730200015,1.962916387,0.511140011,0.9997714352931657,0.9999999999999992,0.999771434592428
602,0.739842509,1.965566196,0.517889756,0.9997569302141113,0.9999999999999996,0.9997569306305983
603,0.749511017,1.96811945,0.524657712,0.9997407873284379,0.9999999999999996,0.9997407873571593
604,0.759204575,1.970575893,0.531443202,0.9997227538765798,0.9999999999999992,0.9997227544062354
605,0.768922212,1.972935278,0.538245548,0.9997025204137654,0.9999999999999997,0.9997025201693159
606,0.778662956,1.975197371,0.545064069,0.9996797243308206,0.9999999999999999,0.9996797242362061
607,0.788425834,1.977361945,0.551898084,0.9996539204252958,0.9999999999999997,0.9996539197399804
608,0.798209869,1.979428784,0.558746908,0.9996245558580213,0.9999999999999999,0.9996245561978062
609,0.808014083,1.981397681,0.565609858,0.9995909450103339,0.9999999999999999,0.9995909453285917
610,0.817837496,1.983268438,0.572486247,0.999552235206243,0.9999999999999997,0.9995522353167426
611,0.827679124,1.98504087,0.579375387,0.9995073517673871,0.9999999999999999,0.9995073511882294
612,0.837537985,1.986714799,0.586276589,0.9994549123404702,0.9999999999999996,0.9994549128674288
613,0.847413091,1.988290056,0.593189164,0.9993931164042268,0.9999999999999996,0.9993931161056036
614,0.857303456,1.989766486,0.60011242,0.9993196121691523,0.9999999999999993,0.9993196114029841
615,0.867208091,1.99114394,0.607045664,0.9992312580990768,0.9999999999999996,0.999231258051955
616,0.877126005,1.99242228,0.613988203,0.9991237636260024,0.9999999999999988,0.9991237657704203
617,0.887056206,1.993601379,0.620939344,0.9989911831884061,0.9999999999999993,0.9989911835701725
618,0.896997701,1.994681118,0.627898391,0.9988250813925019,0.9999999999999993,0.9988250795639729
619,0.906949497,1.99566139,0.634864648,0.9986131377775868,0.9999999999999993,0.9986131368820974
620,0.916910597,1.996542097,0.641837418,0.9983368189953523,1.0,0.9983368199058744
621,0.926880006,1.997323151,0.648816005,0.9979671931522336,0.9999999999999997,0.9979671926894353
622,0.936856728,1.998004473,0.655799709,0.9974570197989538,0.9999999999999989,0.9974570212663949
623,0.946839763,1.998585995,0.662787834,0.9967250408245137,0.9999999999999991,0.996725041900895
624,0.956828115,1.99906766,0.66977968,0.9956216780193418,0.9999999999999993,0.995621678357538
625,0.966820783,1.999449418,0.676774548,0.9938465503175098,0.9999999999999991,0.9938465467005284
626,0.97681677,1.999731233,0.683771739,0.9907228015914983,0.9999999999999999,0.9907228015920767
627,0.986815075,1.999913075,0.690770552,0.9844542328452773,0.9999999999999999,0.9844542339060885
628,0.996814698,1.999994927,0.697770289,0.9689290828269409,0.9999999999999996,0.9689290816327396
629,1.00681464,1.99997678,0.704770248,0.9123429359362268,0.9999999999999997,0.912342933958853
630,1.0168139,1.999858636,0.71176973,0.4740440681063979,0.9999999999999996,0.47404407129613035
631,1.02681148,1.999640508,0.718768036,-0.7551121218255261,0.9999999999999997,-0.7551121107433021
632,1.036806377,1.999322416,0.725764464,-0.9432907700479715,0.9999999999999999,-0.9432907740565332
633,1.046797595,1.998904392,0.732758316,-0.9764912262576885,0.9999999999999999,-0.9764912233932455
634,1.056784132,1.998386479,0.739748893,-0.9873088376886626,0.9999999999999993,-0.9873088405672505
635,1.066764992,1.997768729,0.746735494,-0.9920857812941801,0.9999999999999992,-0.9920857805351924
636,1.076739174,1.997051202,0.753717422,-0.9945986481072165,0.9999999999999991,-0.9945986484839303
637,1.086705683,1.996233971,0.760693978,-0.9960792484482112,0.9999999999999992,-0.9960792471637803
638,1.096663522,1.995317117,0.767664465,-0.9970237008238547,0.9999999999999997,-0.9970237012898092
639,1.106611694,1.994300733,0.774628186,-0.997662554328718,0.9999999999999993,-0.9976625543290194
640,1.116549205,1.993184919,0.781584443,-0.9981145818715729,0.9999999999999997,-0.9981145819454783
641,1.126475061,1.991969787,0.788532543,-0.998446079488841,0.9999999999999993,-0.9984460800982283
642,1.13638827,1.99065546,0.795471789,-0.9986963618305914,0.9999999999999997,-0.9986963616448916
643,1.14628784,1.989242067,0.802401488,-0.9988899184577958,0.9999999999999997,-0.9988899186298531
644,1.156172782,1.987729752,0.809320947,-0.9990426723762806,0.9999999999999996,-0.999042671256537
645,1.166042106,1.986118664,0.816229474,-0.9991653195447451,0.9999999999999999,-0.9991653198431758
646,1.175894826,1.984408965,0.823126378,-0.9992652837158508,1.0,-0.9992652839966492
647,1.185729957,1.982600826,0.83001097,-0.9993478196593889,0.9999999999999999,-0.9993478201901654
648,1.195546515,1.980694428,0.836882561,-0.9994167603101916,1.0,-0.9994167606044894
649,1.205343519,1.978689961,0.843740463,-0.9994749208297069,0.9999999999999996,-0.999474920232734
650,1.215119988,1.976587626,0.850583992,-0.9995244364337016,0.9999999999999996,-0.9995244362822562
651,1.224874946,1.974387633,0.857412462,-0.9995669365712283,0.9999999999999996,-0.9995669363893375
652,1.234607416,1.972090202,0.864225191,-0.9996036823400466,0.9999999999999996,-0.9996036824437594
653,1.244316426,1.969695563,0.871021498,-0.9996356639260409,0.9999999999999997,-0.9996356636582512
654,1.254001004,1.967203955,0.877800703,-0.9996636665267705,0.9999999999999996,-0.9996636671707934
655,1.263660182,1.964615627,0.884562128,-0.9996883206714261,0.9999999999999999,-0.9996883210455524
656,1.273292995,1.961930839,0.891305096,-0.999710138890225,0.9999999999999993,-0.9997101382291192
657,1.282898479,1.959149858,0.898028935,-0.9997295351228983,0.9999999999999993,-0.9997295345692964
658,1.292475672,1.956272964,0.904732971,-0.9997468521559604,0.999999999999999,-0.9997468528054679
659,1.302023619,1.953300442,0.911416533,-0.9997623717027798,0.9999999999999987,-0.9997623720042424
660,1.311541364,1.950232592,0.918078954,-0.9997763362071289,0.9999999999999989,-0.9997763353522682
661,1.321027954,1.947069719,0.924719568,-0.999788939571632,0.9999999999999986,-0.9997889397275269
662,1.330482442,1.94381214,0.93133771,-0.999800352636093,0.9999999999999983,-0.9998003536773596
663,1.339903882,1.94046018,0.937932718,-0.9998107155482635,0.9999999999999996,-0.9998107156493636
664,1.349291332,1.937014176,0.944503933,-0.9998201548337061,0.9999999999999997,-0.999820154253329
665,1.358643853,1.93347447,0.951050697,-0.9998287694656584,0.9999999999999997,-0.9998287689426248
666,1.367960511,1.929841418,0.957572357,-0.9998366531536088,0.9999999999999997,-0.9998366527090939
667,1.377240372,1.926115383,0.96406826,-0.9998438823366322,0.9999999999999997,-0.9998438824945876
668,1.38648251,1.922296736,0.970537757,-0.9998505251555391,0.999999999999999,-0.9998505258505849
669,1.395685999,1.918385861,0.976980199,-0.9998566399393617,0.9999999999999997,-0.9998566400940786
670,1.404849921,1.914383148,0.983394944,-0.9998622807668328,0.9999999999999998,-0.9998622803106426
671,1.413973357,1.910288998,0.98978135,-0.9998674910139544,0.9999999999999994,-0.9998674911639625
672,1.423055397,1.906103819,0.996138778,-0.9998723096339472,0.9999999999999994,-0.9998723100141663
673,1.432095132,1.901828031,1.002466592,-0.9998767741310917,0.9999999999999993,-0.999876773923263
674,1.441091657,1.89746206,1.00876416,-0.9998809144334918,0.9999999999999994,-0.9998809142080239
675,1.450044074,1.893006345,1.015030852,-0.9998847600268694,0.9999999999999997,-0.999884760270913
676,1.458951486,1.888461329,1.02126604,-0.9998883333784533,0.9999999999999998,-0.9998883333382426
677,1.467813004,1.883827468,1.027469103,-0.9998916583821728,0.9999999999999998,-0.999891658243487
678,1.476627741,1.879105225,1.033639419,-0.9998947535476269,0.9999999999999998,-0.9998947537056438
679,1.485394816,1.874295072,1.039776371,-0.999897638239496,0.9999999999999997,-0.9998976381415463
680,1.494113351,1.86939749,1.045879346,-0.9999003259762633,0.9999999999999998,-0.9999003258991376
681,1.502782476,1.86441297,1.051947733,-0.9999028338400764,0.9999999999999998,-0.9999028338009777
682,1.511401322,1.859342008,1.057980926,-0.9999051723497242,0.9999999999999993,-0.9999051726561861
683,1.519969029,1.854185114,1.063978321,-0.9999073550364556,0.9999999999999994,-0.9999073551331503
684,1.52848474,1.848942801,1.069939318,-0.9999093910274182,0.9999999999999991,-0.9999093908196012
685,1.536947602,1.843615595,1.075863322,-0.999911290985739,0.9999999999999991,-0.9999112907606094
686,1.545356771,1.838204028,1.081749739,-0.99991306236932,0.9999999999999991,-0.9999130620858097
687,1.553711404,1.832708641,1.087597983,-0.9999147142271604,0.9999999999999989,-0.9999147144687363
688,1.562010666,1.827129985,1.093407466,-0.9999162530151459,0.9999999999999987,-0.999916253051755
689,1.570253728,1.821468615,1.099177609,-0.9999176847523044,0.9999999999999989,-0.9999176848436766
690,1.578439764,1.8157251,1.104907835,-0.9999190163515911,0.999999999999999,-0.999919016315319
691,1.586567958,1.809900013,1.11059757,-0.9999202528768846,0.999999999999999,-0.9999202529500528
692,1.594637495,1.803993936,1.116246246,-0.9999213987743315,0.9999999999999992,-0.9999213986624276
693,1.602647568,1.798007461,1.121853298,-0.999922458006456,0.9999999999999987,-0.9999224582118974
694,1.610597378,1.791941186,1.127418165,-0.9999234358531877,0.9999999999999988,-0.9999234363005326
695,1.618486128,1.785795717,1.13294029,-0.9999243351008662,0.9999999999999996,-0.9999243348989821
696,1.62631303,1.77957167,1.138419121,-0.9999251588437321,0.9999999999999992,-0.9999251583597734
697,1.634077302,1.773269665,1.143854111,-0.9999259100794496,0.9999999999999998,-0.9999259098529424
698,1.641778166,1.766890335,1.149244716,-0.9999265922286192,0.9999999999999998,-0.9999265923015727
699,1.649414853,1.760434316,1.154590397,-0.9999272065603485,0.9999999999999996,-0.9999272068604864
700,1.656986599,1.753902254,1.159890619,-0.9999277558946252,0.9999999999999998,-0.999927755951066
701,1.664492647,1.747294803,1.165144853,-0.9999282418707753,1.0,-0.9999282418908184
702,1.671932246,1.740612623,1.170352572,-0.9999286662111143,0.9999999999999996,-0.9999286661730906
703,1.679304652,1.733856382,1.175513257,-0.9999290297828477,0.9999999999999993,-0.9999290300348773
704,1.686609129,1.727026756,1.18062639,-0.9999293345042827,0.9999999999999988,-0.9999293342141892
705,1.693844945,1.720124428,1.185691461,-0.9999295812586909,0.9999999999999989,-0.9999295809641685
706,1.701011377,1.713150089,1.190707964,-0.9999297706783986,0.9999999999999987,-0.9999297707367938
707,1.708107709,1.706104435,1.195675396,-0.9999299030568164,0.9999999999999987,-0.9999299034122726
708,1.715133231,1.698988171,1.200593261,-0.9999299792585707,0.9999999999999993,-0.9999299789772522
709,1.722087239,1.691802008,1.205461068,-0.9999299985510609,0.999999999999998,-0.9999299988770446
710,1.72896904,1.684546666,1.210278328,-0.9999299628213114,0.9999999999999978,-0.9999299630678049
711,1.735777945,1.67722287,1.215044561,-0.9999298713936949,0.9999999999999974,-0.9999298709187577
712,1.742513272,1.669831353,1.21975929,-0.9999297232528918,0.9999999999999973,-0.9999297227501149
713,1.749174348,1.662372853,1.224422044,-0.9999295170773552,0.999999999999998,-0.9999295178377606
714,1.755760508,1.654848116,1.229032356,-0.9999292540995045,0.999999999999999,-0.9999292544668232
715,1.762271092,1.647257894,1.233589765,-0.9999289326033979,0.9999999999999997,-0.999928932478171
716,1.76870545,1.639602948,1.238093815,-0.9999285521884189,0.9999999999999986,-0.9999285516171708
717,1.775062938,1.631884042,1.242544057,-0.9999281108005529,0.9999999999999998,-0.9999281107998135
718,1.78134292,1.624101947,1.246940044,-0.999927606758167,0.9999999999999996,-0.9999276067108307
719,1.787544769,1.616257444,1.251281338,-0.9999270391770482,0.9999999999999996,-0.9999270391273167
720,1.793667864,1.608351315,1.255567505,-0.9999264061650226,0.9999999999999992,-0.9999264062348143
721,1.799711593,1.600384351,1.259798115,-0.9999257047327642,0.9999999999999993,-0.9999257049698715
722,1.805675351,1.592357349,1.263972746,-0.9999249322678292,0.9999999999999994,-0.9999249324155075
723,1.811558542,1.584271112,1.268090979,-0.9999240876353779,0.999999999999999,-0.9999240872139197
724,1.817360578,1.576126449,1.272152405,-0.999923167039703,0.9999999999999988,-0.9999231673178611
725,1.823080879,1.567924173,1.276156615,-0.9999221668032225,0.9999999999999984,-0.9999221666220026
726,1.828718872,1.559665106,1.280103211,-0.9999210830170708,0.9999999999999978,-0.9999210834664574
727,1.834273995,1.551350072,1.283991796,-0.9999199121107628,0.9999999999999968,-0.999919911518859
728,1.83974569,1.542979904,1.287821983,-0.999918649202535,0.9999999999999977,-0.9999186493097402
729,1.845133412,1.534555438,1.291593388,-0.9999172896230505,0.9999999999999976,-0.9999172893390328
730,1.850436621,1.526077517,1.295305634,-0.9999158278378405,0.9999999999999984,-0.9999158280319731
731,1.855654787,1.517546989,1.298958351,-0.9999142580959978,0.9999999999999986,-0.9999142583046626
732,1.860787388,1.508964707,1.302551172,-0.9999125729986376,0.9999999999999979,-0.9999125737617517
733,1.865833911,1.500331528,1.306083738,-0.9999107656915119,0.9999999999999989,-0.9999107656693619
734,1.870793852,1.491648317,1.309555696,-0.999908828596182,0.9999999999999966,-0.9999088275101706
735,1.875666714,1.482915942,1.3129667,-0.9999067523796864,0.9999999999999984,-0.999906752377288
736,1.88045201,1.474135275,1.316316407,-0.9999045265362,0.9999999999999988,-0.9999045269056656
737,1.885149261,1.465307195,1.319604483,-0.999902140279475,0.9999999999999986,-0.9999021407009356
738,1.889757998,1.456432585,1.322830599,-0.9998995832641643,0.9999999999999996,-0.9998995830917194
739,1.894277761,1.447512332,1.325994432,-0.9998968418601737,0.9999999999999973,-0.9998968411078877
740,1.898708096,1.438547328,1.329095667,-0.9998938994535334,0.9999999999999972,-0.9998938991379346
741,1.903048561,1.429538469,1.332133993,-0.9998907399583054,0.9999999999999958,-0.9998907409120276
742,1.907298722,1.420486657,1.335109105,-0.9998873465877672,0.9999999999999956,-0.9998873469147669
743,1.911458154,1.411392797,1.338020708,-0.999883699299293,0.9999999999999974,-0.9998836988807442
744,1.915526441,1.402257798,1.340868509,-0.9998797734010091,0.999999999999998,-0.9998797736296583
745,1.919503176,1.393082574,1.343652223,-0.9998755437160254,0.9999999999999976,-0.9998755436675708
746,1.923387961,1.383868041,1.346371573,-0.9998709813161928,0.999999999999998,-0.9998709809382172
747,1.927180409,1.374615122,1.349026286,-0.9998660556413886,0.9999999999999986,-0.9998660554321072
748,1.930880139,1.365324742,1.351616097,-0.9998607286250365,0.9999999999999983,-0.9998607285610591
749,1.934486782,1.35599783,1.354140747,-0.9998549590160769,0.9999999999999986,-0.9998549586772814
750,1.937999977,1.346635318,1.356599984,-0.9998486987641232,0.9999999999999974,-0.9998486999660388
751,1.941419373,1.337238143,1.358993561,-0.9998418966061778,0.9999999999999991,-0.999841896735634
752,1.944744627,1.327807244,1.361321239,-0.9998344883746468,0.9999999999999992,-0.9998344883244875
753,1.947975408,1.318343565,1.363582786,-0.9998264063644966,0.9999999999999993,-0.9998264063853501
754,1.951111392,1.308848052,1.365777975,-0.9998175680928074,0.9999999999999991,-0.9998175687470947
755,1.954152266,1.299321654,1.367906586,-0.9998078800084471,0.9999999999999956,-0.999807878452348
756,1.957097726,1.289765325,1.369968408,-0.9997972321593162,0.9999999999999962,-0.9997972308797712
757,1.959947476,1.280180019,1.371963233,-0.999785496632743,0.9999999999999976,-0.9997854969295453
758,1.962701233,1.270566695,1.373890863,-0.9997725255507841,0.9999999999999967,-0.9997725271211343
759,1.96535872,1.260926315,1.375751104,-0.9997581423370029,0.9999999999999997,-0.9997581426325719
760,1.967919672,1.251259843,1.37754377,-0.9997421391989069,0.999999999999999,-0.9997421383835242
761,1.970383833,1.241568244,1.379268683,-0.9997242637576954,0.9999999999999984,-0.9997242636462662
762,1.972750956,1.231852489,1.380925669,-0.9997042199163075,0.9999999999999986,-0.9997042202572957
763,1.975020806,1.222113549,1.382514564,-0.9996816465367082,0.9999999999999987,-0.9996816470337793
764,1.977193153,1.212352398,1.384035207,-0.9996560979745399,0.9999999999999993,-0.9996560975851347
765,1.979267783,1.202570012,1.385487448,-0.9996270384646698,0.9999999999999998,-0.9996270389142938
766,1.981244486,1.192767369,1.38687114,-0.9995937934240477,0.9999999999999994,-0.9995937929434734
767,1.983123066,1.182945449,1.388186146,-0.9995555307936312,0.9999999999999997,-0.9995555302549731
768,1.984903334,1.173105235,1.389432334,-0.9995111819440554,0.9999999999999976,-0.9995111837397223
769,1.986585113,1.163247711,1.390609579,-0.999459403542671,0.999999999999997,-0.9994594035752964
770,1.988168234,1.153373862,1.391717764,-0.9993984304725182,0.9999999999999971,-0.9993984303174839
771,1.989652539,1.143484676,1.392756777,-0.9993259643226432,0.999999999999992,-0.9993259610456585
772,1.99103788,1.133581141,1.393726516,-0.9992389292716687,0.9999999999999937,-0.9992389304152093
773,1.992324117,1.123664249,1.394626882,-0.9991331479174603,0.9999999999999927,-0.9991331493501512
774,1.993511123,1.11373499,1.395457786,-0.9990028369220995,0.9999999999999918,-0.9990028384913785
775,1.994598779,1.103794357,1.396219145,-0.9988397973832474,0.9999999999999915,-0.998839791258141
776,1.995586976,1.093843346,1.396910883,-0.9986320896915489,0.9999999999999971,-0.9986320894207267
777,1.996475615,1.08388295,1.39753293,-0.9983617763044825,0.9999999999999972,-0.9983617763894113
778,1.997264607,1.073914165,1.398085225,-0.9980009782491546,0.9999999999999771,-0.9980009880887779
779,1.997953873,1.06393799,1.398567711,-0.9975043758778205,0.9999999999999777,-0.9975043795005001
780,1.998543345,1.053955421,1.398980342,-0.9967943366578471,0.9999999999999529,-0.9967943518522944
781,1.999032964,1.043967456,1.399323075,-0.995728750668783,0.9999999999999502,-0.9957287367808643
782,1.99942268,1.033975094,1.399595876,-0.9940245110343694,0.9999999999999276,-0.9940244896225123
783,1.999712454,1.023979335,1.399798718,-0.9910503797508848,0.9999999999998918,-0.9910503551180874
784,1.999902259,1.013981178,1.399931581,-0.9851573396567792,0.9999999999999146,-0.9851573201493625
785,1.999992073,1.003981623,1.399994451,-0.9708690268120513,0.9999999999998325,-0.9708690083121034
786,1.99998189,0.99398167,1.399987323,-0.9209232776198207,0.9999999999995015,-0.920923377484288
787,1.999871709,0.983982319,1.399910196,-0.5583191508119707,0.9999999999971134,-0.5583184209257603
788,1.999661541,0.973984569,1.399763079,0.7131137241608451,0.99999999999774,0.7131131783265586
789,1.999351409,0.963989421,1.399545986,0.9380403517823115,0.999999999999152,0.9380402468953313
790,1.998941342,0.953997874,1.399258939,0.9750858731298279,0.9999999999996478,0.9750858158781219
791,1.998431382,0.944010928,1.398901967,0.9867537979576111,0.9999999999998075,0.9867537701424764
792,1.997821579,0.93402958,1.398475105,0.9918135846592223,0.9999999999998952,0.991813640632831
793,1.997111995,0.924054829,1.397978397,0.9944459026658592,0.9999999999999221,0.9944459405525474
794,1.996302701,0.914087672,1.397411891,0.9959852446659334,0.9999999999999541,0.9959852455839808
795,1.995393777,0.904129107,1.396775644,0.9969618179554771,0.999999999999935,0.9969617964499036
796,1.994385315,0.894180128,1.396069721,0.9976196600793218,0.9999999999999565,0.9976196514229243
797,1.993277415,0.884241732,1.395294191,0.9980836596760767,0.9999999999999868,0.9980836673271912
798,1.992070188,0.874314911,1.394449132,0.9984230663409446,0.999999999999993,0.998423064811738
799,1.990763755,0.864400659,1.393534629,0.9986787657504457,0.9999999999999942,0.9986787617832323
800,1.989358247,0.854499966,1.392550773,0.9988761749518927,0.9999999999999966,0.9988761724267299
801,1.987853803,0.844613824,1.391497662,0.9990317237696285,0.999999999999997,0.9990317213324386
802,1.986250575,0.834743219,1.390375402,0.9991564646745577,0.9999999999999972,0.9991564623414053
803,1.984548723,0.824889141,1.389184106,0.9992580204120672,0.9999999999999906,0.9992580248354759
804,1.982748416,0.815052573,1.387923891,0.999341791438107,0.9999999999999942,0.9993417941516739
805,1.980849836,0.8052345,1.386594885,0.9994116953424093,0.9999999999999963,0.9994116960417619
806,1.978853171,0.795435903,1.38519722,0.9994706296324398,0.9999999999999968,0.9994706301506163
807,1.976758622,0.785657763,1.383731035,0.9995207701918231,0.9999999999999928,0.9995207688564445
808,1.974566398,0.775901057,1.382196478,0.9995637776597925,0.9999999999999918,0.9995637749311799
809,1.972276718,0.76616676,1.380593702,0.9996009433126544,0.999999999999994,0.9996009426038345
810,1.969889811,0.756455846,1.378922868,0.9996332717616929,0.9999999999999826,0.9996332767280368
811,1.967405916,0.746769287,1.377184141,0.9996615665598774,0.9999999999999928,0.9996615669118281
812,1.964825281,0.73710805,1.375377697,0.9996864683141541,0.9999999999999943,0.9996864677417611
813,1.962148164,0.727473103,1.373503715,0.9997084945043333,0.999999999999994,0.9997084933044906
814,1.959374834,0.717865408,1.371562384,0.999728070883894,0.9999999999999974,0.9997280713065909
815,1.956505567,0.708285926,1.369553897,0.9997455426284554,0.9999999999999982,0.9997455415172288
816,1.95354065,0.698735615,1.367478455,0.9997611972289935,0.9999999999999999,0.9997611971510845
817,1.950480379,0.689215431,1.365336266,0.9997752741515304,0.9999999999999972,0.9997752753633891
818,1.947325062,0.679726325,1.363127543,0.9997879812318958,0.9999999999999932,0.9997879802528985
819,1.944075013,0.670269245,1.360852509,0.9997994848021521,0.9999999999999937,0.9997994840377289
820,1.940730557,0.660845139,1.35851139,0.9998099274149395,0.9999999999999938,0.9998099277179927
821,1.937292028,0.651454948,1.35610442,0.9998194323965761,0.999999999999993,0.9998194342762259
822,1.933759772,0.642099611,1.35363184,0.9998281112362509,0.9999999999999961,0.9998281098440897
823,1.93013414,0.632780064,1.351093898,0.9998360507398861,0.9999999999999972,0.9998360503044428
824,1.926415495,0.623497238,1.348490847,0.999843328958731,0.9999999999999961,0.9998433299096087
825,1.92260421,0.614252063,1.345822947,0.9998500157100998,0.9999999999999959,0.9998500161076166
826,1.918700665,0.605045461,1.343090466,0.9998561723725576,0.9999999999999981,0.999856171920668
827,1.914705251,0.595878355,1.340293676,0.9998618483874016,0.9999999999999986,0.9998618481741097
828,1.910618367,0.586751661,1.337432857,0.999867090177674,0.9999999999999988,0.9998670901318932
829,1.906440422,0.577666292,1.334508295,0.9998719389014405,0.9999999999999982,0.9998719379544101
830,1.902171834,0.568623155,1.331520284,0.999876430971561,0.9999999999999981,0.9998764315777693
831,1.897813029,0.559623156,1.32846912,0.9998805963517717,0.9999999999999986,0.9998805965799336
832,1.893364444,0.550667194,1.325355111,0.9998844638594232,0.9999999999999982,0.9998844642404089
833,1.888826523,0.541756165,1.322178566,0.9998880581838815,0.9999999999999986,0.9998880578522276
834,1.88419972,0.53289096,1.318939804,0.9998914021923055,0.9999999999999991,0.9998914023517855
835,1.879484498,0.524072465,1.315639148,0.9998945152718655,0.9999999999999987,0.9998945145872448
836,1.874681328,0.515301563,1.312276929,0.9998974155854745,0.9999999999999997,0.9998974155587537
837,1.86979069,0.50657913,1.308853483,0.9999001186945164,0.9999999999999983,0.9999001192700075
838,1.864813075,0.497906039,1.305369152,0.999902640298638,0.9999999999999983,0.9999026405784478
839,1.859748978,0.489283157,1.301824285,0.9999049922081066,0.9999999999999984,0.9999049924354545
840,1.854598908,0.480711346,1.298219236,0.9999071867672923,0.9999999999999984,0.9999071868233377
841,1.849363379,0.472191463,1.294554365,0.9999092345342431,0.9999999999999976,0.9999092341190697
842,1.844042913,0.463724361,1.290830039,0.9999111443999408,0.9999999999999974,0.9999111437487352
843,1.838638044,0.455310887,1.287046631,0.9999129250045928,0.9999999999999987,0.999912925460438
844,1.833149313,0.44695188,1.283204519,0.9999145869775601,0.999999999999999,0.9999145872440005
845,1.827577266,0.438648178,1.279304087,0.9999161346488665,0.9999999999999993,0.9999161348717087
846,1.821922463,0.430400611,1.275345724,0.9999175745802602,0.999999999999998,0.9999175742421467
847,1.816185469,0.422210003,1.271329828,0.9999189140601918,0.999999999999998,0.9999189136247923
848,1.810366856,0.414077173,1.267256799,0.9999201582515596,0.9999999999999979,0.9999201580140182
849,1.804467207,0.406002936,1.263127045,0.999921310128297,0.9999999999999982,0.9999213108399526
850,1.798487113,0.397988097,1.258940979,0.9999223768752769,0.9999999999999999,0.9999223769256318
851,1.79242717,0.39003346,1.254699019,0.9999233609405164,0.9999999999999998,0.9999233608130251
852,1.786287985,0.382139818,1.25040159,0.9999242660931867,0.9999999999999998,0.9999242662629835
853,1.780070172,0.374307962,1.246049121,0.9999250955471474,0.9999999999999998,0.9999250957858883
854,1.773774353,0.366538675,1.241642047,0.9999258532296769,0.9999999999999988,0.9999258527524865
855,1.767401157,0.358832733,1.23718081,0.9999265403602077,0.999999999999999,0.9999265400335771
856,1.760951221,0.351190907,1.232665855,0.9999271601630272,0.9999999999999992,0.9999271604178476
857,1.754425191,0.343613962,1.228097634,0.9999277144513973,0.9999999999999993,0.9999277147687542
858,1.747823719,0.336102655,1.223476604,0.999928205318059,0.9999999999999999,0.9999282053593604
859,1.741147466,0.328657737,1.218803226,0.9999286347681129,0.9999999999999988,0.9999286343729128
860,1.734397098,0.321279953,1.214077969,0.9999290031976249,0.999999999999999,0.9999290031764646
861,1.727573291,0.31397004,1.209301304,0.9999293124400588,0.999999999999999,0.9999293125474753
862,1.720676727,0.306728729,1.204473709,0.9999295636200567,0.9999999999999992,0.9999295637689686
863,1.713708097,0.299556745,1.199595668,0.9999297578564423,0.9999999999999996,0.9999297575848012
864,1.706668096,0.292454805,1.194667667,0.9999298944443755,1.0,0.9999298944052333
865,1.699557429,0.285423619,1.1896902,0.9999299748230582,1.0,0.9999299748048412
866,1.692376806,0.27846389,1.184663764,0.9999299991177323,1.0,0.999929999199907
867,1.685126947,0.271576314,1.179588863,0.9999299681144048,0.9999999999999998,0.9999299683943558
868,1.677808575,0.264761579,1.174466003,0.9999298807273654,1.0,0.9999298809627617
869,1.670422424,0.258020368,1.169295697,0.9999297369349369,0.9999999999999998,0.999929736795196
870,1.66296923,0.251353354,1.164078461,0.9999295356065658,0.9999999999999993,0.9999295352745275
871,1.65544974,0.244761205,1.158814818,0.9999292769040443,1.0,0.9999292767694316
872,1.647864706,0.238244578,1.153505294,0.9999289606312127,1.0,0.9999289607100135
873,1.640214886,0.231804126,1.14815042,0.9999285851316538,1.0,0.9999285851710262
874,1.632501045,0.225440494,1.142750731,0.9999281480583815,1.0,0.9999281479837379
875,1.624723954,0.219154316,1.137306768,0.9999276489913045,0.9999999999999996,0.9999276492747889
876,1.616884391,0.212946223,1.131819074,0.9999270865499148,0.9999999999999998,0.9999270867742951
877,1.608983141,0.206816834,1.126288198,0.9999264589724988,0.9999999999999988,0.9999264585976568
878,1.601020992,0.200766763,1.120714695,0.9999257628258452,0.9999999999999982,0.9999257628432016
879,1.592998742,0.194796615,1.11509912,0.9999249967784248,0.9999999999999984,0.999924997168839
880,1.584917193,0.188906986,1.109442035,0.99992415794211,0.9999999999999982,0.9999241578113793
881,1.576777152,0.183098466,1.103744007,0.9999232433998858,0.9999999999999984,0.9999232430450712
882,1.568579435,0.177371635,1.098005604,0.9999222495277921,0.9999999999999992,0.9999222493813545
883,1.560324859,0.171727067,1.092227401,0.9999211720151464,0.999999999999999,0.9999211720171614
884,1.552014252,0.166165325,1.086409976,0.9999200084121251,0.9999999999999992,0.9999200083577825
885,1.543648444,0.160686966,1.080553911,0.9999187531782381,0.9999999999999987,0.9999187537548929
886,1.535228271,0.155292537,1.07465979,0.9999174020936163,0.9999999999999998,0.9999174021848607
887,1.526754576,0.149982579,1.068728203,0.9999159480159868,0.9999999999999997,0.9999159477727559
888,1.518228206,0.144757621,1.062759744,0.9999143872038594,0.9999999999999997,0.9999143868671931
889,1.509650013,0.139618187,1.056755009,0.999912711615175,1.0,0.9999127117099098
890,1.501020856,0.134564791,1.0507146,0.9999109143149028,0.9999999999999992,0.9999109148605031
891,1.492341598,0.129597937,1.044639118,0.9999089877924042,0.9999999999999986,0.9999089874135882
892,1.483613105,0.124718123,1.038529174,0.9999069227515377,0.9999999999999983,0.9999069226937349
893,1.474836252,0.119925836,1.032385376,0.9999047094170179,0.9999999999999983,0.9999047092070563
894,1.466011915,0.115221556,1.026208341,0.9999023367668356,0.999999999999998,0.9999023372683776
895,1.457140978,0.110605753,1.019998685,0.9998997941225203,0.9999999999999989,0.9998997940045262
896,1.448224327,0.106078889,1.013757029,0.9998970666016911,0.9999999999999993,0.9998970666408483
897,1.439262854,0.101641416,1.007483998,0.9998941411364148,0.9999999999999994,0.9998941407802934
898,1.430257455,0.097293778,1.001180218,0.9998910003970551,0.9999999999999997,0.999891000239058
899,1.42120903,0.09303641,0.994846321,0.9998876265186313,0.9999999999999997,0.9998876266807833
900,1.412118485,0.088869738,0.98848294,0.9998839989523888,0.9999999999999993,0.9998839993594342
901,1.402986729,0.084794178,0.98209071,0.9998800962597135,0.9999999999999993,0.9998800962184832
902,1.393814674,0.080810138,0.975670272,0.9998758921108274,0.9999999999999993,0.9998758918386892
903,1.384603238,0.076918016,0.969222267,0.9998713580380448,0.9999999999999994,0.999871358185847
904,1.375353342,0.073118201,0.962747339,0.9998664624222244,0.9999999999999991,0.9998664623585335
905,1.366065911,0.069411074,0.956246138,0.9998611685196677,0.9999999999999991,0.9998611683885126
906,1.356741874,0.065797005,0.949719311,0.9998554351782845,0.9999999999999993,0.9998554349359607
907,1.347382162,0.062276356,0.943167514,0.9998492158377416,0.9999999999999983,0.99984921642354
908,1.337987713,0.058849478,0.936591399,0.9998424592998988,0.9999999999999987,0.9998424592305298
909,1.328559466,0.055516714,0.929991626,0.9998351035779574,0.9999999999999987,0.999835103554753
910,1.319098362,0.052278398,0.923368854,0.9998270775235911,0.9999999999999988,0.99982707737925
911,1.309605349,0.049134853,0.916723745,0.9998183014079192,0.9999999999999992,0.9998183020166106
912,1.300081376,0.046086394,0.910056963,0.9998086842101644,0.9999999999999992,0.9998086836365901
913,1.290527395,0.043133326,0.903369177,0.9997981169808917,0.9999999999999992,0.9997981166743685
914,1.280944362,0.040275943,0.896661053,0.9997864743651697,0.9999999999999996,0.9997864742618183
915,1.271333234,0.037514532,0.889933264,0.999773608524379,0.999999999999999,0.9997736089009472
916,1.261694973,0.034849369,0.883186481,0.999759344502812,0.9999999999999996,0.9997593443648761
917,1.252030543,0.03228072,0.87642138,0.9997434774064893,0.9999999999999997,0.9997434776627083
918,1.24234091,0.029808842,0.869638637,0.9997257635695163,0.9999999999999999,0.9997257633641639
919,1.232627043,0.027433982,0.86283893,0.9997059053830168,0.9999999999999999,0.999705905534582
920,1.222889914,0.025156379,0.85602294,0.999683544448617,1.0,0.999683544573516
921,1.213130496,0.022976258,0.849191347,0.9996582535923855,0.9999999999999999,0.999658253397662
922,1.203349765,0.02089384,0.842344835,0.9996294948852089,1.0,0.9996294945149572
923,1.193548699,0.018909331,0.835484089,0.9995966136233078,0.9999999999999999,0.9995966135887999
924,1.183728279,0.01702293,0.828609795,0.9995587842593759,1.0,0.9995587847361393
925,1.173889485,0.015234827,0.82172264,0.9995149674660679,0.9999999999999999,0.999514968231752
926,1.164033303,0.013545199,0.814823312,0.9994638337749552,0.9999999999999996,0.9994638334523709
927,1.154160718,0.011954215,0.807912503,0.9994036742886319,0.9999999999999996,0.9994036741184411
928,1.144272717,0.010462036,0.800990902,0.9993322244237203,0.9999999999999997,0.9993322239313948
929,1.134370289,0.009068809,0.794059202,0.999246482435446,0.9999999999999999,0.9992464822464411
930,1.124454424,0.007774675,0.787118096,0.9991423807983609,0.9999999999999997,0.9991423797384371
931,1.114526113,0.006579762,0.780168279,0.9990142918679635,0.9999999999999996,0.9990142928966084
932,1.10458635,0.00548419,0.773210445,0.9988542334965305,0.9999999999999996,0.998854234777724
933,1.094636128,0.00448807,0.76624529,0.9986506286139343,0.9999999999999997,0.998650629370241
934,1.084676443,0.003591499,0.75927351,0.9983861601115113,0.9999999999999993,0.9983861586626483
935,1.07470829,0.002794569,0.752295803,0.9980339392395688,0.9999999999999997,0.9980339385553542
936,1.064732667,0.002097359,0.745312867,0.9975504375752707,0.9999999999999997,0.9975504375753806
937,1.05475057,0.001499937,0.738325399,0.996861440718008,1.0,0.9968614414851555
938,1.044762998,0.001002365,0.731334099,0.9958319025575623,1.0,0.9958319029984931
939,1.03477095,0.000604692,0.724339665,0.9941948013144223,0.9999999999999999,0.9941948006637352
940,1.024775425,0.000306958,0.717342798,0.99136097283184,0.9999999999999997,0.9913609734655403
941,1.014777423,0.000109192,0.710344196,0.9858140122858456,0.9999999999999997,0.9858140100553434
942,1.004777943,1.14144e-05,0.70334456,0.9726351630965735,0.9999999999999996,0.9726351622552301
943,0.994777985,1.36348e-05,0.696344589,0.9283449572828366,0.9999999999999999,0.9283449518971157
944,0.984778549,0.000115853,0.689344984,0.6282776371447615,0.9999999999999996,0.62827764841789
945,0.974780635,0.000318059,0.682346444,-0.661735040773721,1.0,-0.661735038963462
946,0.964785243,0.000620232,0.67534967,-0.932053617889687,0.9999999999999997,-0.93205361263938
947,0.954793373,0.001022342,0.668355361,-0.9735520313620398,0.9999999999999999,-0.9735520308096501
948,0.944806023,0.001524349,0.661364216,-0.9861616039784136,0.9999999999999999,-0.9861616039780274
949,0.934824192,0.002126203,0.654376935,-0.9915272638839934,0.9999999999999999,-0.9915272629408729
950,0.92484888,0.002827844,0.647394216,-0.9942865926639312,0.9999999999999999,-0.9942865933088835
951,0.914881082,0.003629201,0.640416757,-0.995887768794076,0.9999999999999993,-0.9958877710963783
952,0.904921796,0.004530194,0.633445257,-0.996897949811731,0.9999999999999993,-0.9968979505747377
953,0.894972017,0.005530733,0.626480412,-0.9975755835954612,0.9999999999999993,-0.9975755815720759
954,0.885032742,0.006630718,0.619522919,-0.9980519691312638,0.9999999999999997,-0.9980519692070875
955,0.875104963,0.00783004,0.612573474,-0.9983995173744399,0.9999999999999999,-0.9983995177862324
956,0.865189673,0.009128578,0.605632771,-0.9986608003501062,0.9999999999999999,-0.9986608002243312
957,0.855287865,0.010526202,0.598701505,-0.9988621578903626,0.9999999999999997,-0.9988621579488602
958,0.845400527,0.012022772,0.591780369,-0.9990205927587579,0.9999999999999999,-0.9990205926506163
959,0.835528649,0.013618139,0.584870055,-0.9991474716238433,0.9999999999999997,-0.9991474705146108
960,0.825673219,0.015312144,0.577971253,-0.9992506441289595,0.9999999999999992,-0.9992506446961886
961,0.815835221,0.017104617,0.571084654,-0.9993356679636571,0.9999999999999986,-0.9993356695701134
962,0.806015639,0.018995378,0.564210947,-0.999406564676203,0.9999999999999992,-0.9994065645928791
963,0.796215455,0.02098424,0.557350819,-0.9994662840622103,0.9999999999999986,-0.9994662822967084
964,0.78643565,0.023071001,0.550504955,-0.9995170587821203,0.9999999999999996,-0.9995170587046689
965,0.776677201,0.025255455,0.543674041,-0.9995605830179473,0.9999999999999996,-0.9995605835650879
966,0.766941084,0.027537383,0.536858759,-0.999598171892874,0.9999999999999996,-0.9995981722427801
967,0.757228273,0.029916556,0.530059791,-0.9996308526825257,0.9999999999999999,-0.9996308526830658
968,0.747539738,0.032392737,0.523277817,-0.9996594456989257,0.9999999999999999,-0.9996594456339066
969,0.73787645,0.034965677,0.516513515,-0.9996845982701669,0.9999999999999999,-0.9996845982078664
970,0.728239374,0.03763512,0.509767562,-0.9997068368083823,0.9999999999999997,-0.999706836778116
971,0.718629473,0.040400799,0.503040631,-0.9997265928455299,0.9999999999999997,-0.9997265931381942
972,0.709047709,0.043262437,0.496333397,-0.9997442195811961,0.9999999999999997,-0.9997442190417841
973,0.699495041,0.046219748,0.489646529,-0.999760010080248,0.9999999999999997,-0.9997600101071873
974,0.689972422,0.049272436,0.482980696,-0.9997742078086594,0.9999999999999997,-0.9997742078079777
975,0.680480806,0.052420196,0.476336564,-0.9997870164730421,0.9999999999999993,-0.9997870171263689
976,0.671021142,0.055662713,0.469714799,-0.9997986087370576,0.9999999999999997,-0.9997986089170398
977,0.661594375,0.058999664,0.463116063,-0.9998091298629084,0.9999999999999992,-0.9998091294151525
978,0.652201449,0.062430713,0.456541014,-0.9998187083891787,0.999999999999999,-0.9998187081220271
979,0.642843302,0.065955519,0.449990312,-0.9998274486057229,0.9999999999999991,-0.9998274484855271
980,0.633520871,0.069573728,0.44346461,-0.9998354434959964,0.9999999999999991,-0.9998354436586149
981,0.624235087,0.073284979,0.436964561,-0.9998427718611145,0.9999999999999994,-0.9998427718612387
982,0.614986879,0.077088901,0.430490815,-0.9998495042207233,0.9999999999999993,-0.9998495047838641
983,0.605777173,0.080985113,0.424044021,-0.999855699650169,0.9999999999999998,-0.9998556994743595
984,0.596606888,0.084973226,0.417624821,-0.9998614122055541,0.9999999999999997,-0.9998614122068247
985,0.587476942,0.089052841,0.411233859,-0.9998666877348633,1.0,-0.9998666876284409
986,0.578388248,0.09322355,0.404871774,-0.9998715667396432,0.9999999999999993,-0.9998715663371149
987,0.569341715,0.097484935,0.398539201,-0.9998760859213847,0.9999999999999994,-0.9998760855443493
988,0.560338248,0.101836572,0.392236773,-0.9998802756446284,0.9999999999999987,-0.9998802763239582
989,0.551378746,0.106278024,0.385965122,-0.9998841658387887,0.9999999999999988,-0.999884166246443
990,0.542464106,0.110808847,0.379724874,-0.9998877816909283,0.9999999999999993,-0.9998877814304301
991,0.533595219,0.115428589,0.373516654,-0.9998911451000387,0.9999999999999984,-0.9998911443818732
992,0.524772973,0.120136788,0.367341081,-0.9998942745661169,0.9999999999999993,-0.999894274860938
993,0.515998249,0.124932971,0.361198774,-0.9998971918141777,0.9999999999999993,-0.999897192225272
994,0.507271924,0.129816661,0.355090347,-0.9998999111292646,0.9999999999999991,-0.9998999111682406
995,0.498594872,0.134787369,0.34901641,-0.9999024459598437,0.9999999999999994,-0.9999024457492608
996,0.48996796,0.139844597,0.342977572,-0.9999048103326795,0.9999999999999997,-0.999904810313461
997,0.48139205,0.144987839,0.336974435,-0.9999070180360718,1.0,-0.9999070180357615
998,0.472868002,0.150216583,0.331007601,-0.9999090762180899,0.9999999999999997,-0.99990907621872
999,0.464396665,0.155530304,0.325077666,-0.9999109966662583,0.9999999999999994,-0.9999109965520963
1000,0.455978889,0.160928471,0.319185222,-0.9999127883976167,0.9999999999999991,-0.9999127884539895
1001,0.447615514,0.166410545,0.31333086,-0.9999144592270034,0.9999999999999992,-0.9999144592078901
1002,0.439307378,0.171975977,0.307515165,-0.9999160146409181,0.9999999999999992,-0.9999160146584639
1003,0.43105531,0.17762421,0.301738717,-0.9999174639935163,0.9999999999999992,-0.999917463900728
1004,0.422860136,0.183354681,0.296002095,-0.9999188111321233,0.9999999999999997,-0.9999188115037414
1005,0.414722676,0.189166815,0.290305873,-0.9999200621239372,0.9999999999999998,-0.9999200621623229
1006,0.406643743,0.195060032,0.28465062,-0.9999212217546933,0.9999999999999998,-0.999921221533099
1007,0.398624145,0.201033742,0.279036901,-0.9999222953008697,1.0,-0.9999222953574031
